{"stats":{"minecraft:killed":{"minecraft:spider":1,"minecraft:skeleton":1,"alexsmobs:crocodile":2,"alexsmobs:bison":1},"minecraft:dropped":{"minecraft:kelp":32,"minecraft:sweet_berries":46,"minecraft:cooked_beef":1,"biomesoplenty:maple_sapling":1,"knightquest:small_essence":2,"minecraft:arrow":1,"minecraft:string":2},"minecraft:mined":{"botania:green_mystical_flower":11,"botania:lime_mystical_flower":19,"minecraft:brown_mushroom":1,"botania:orange_mystical_flower":12,"minecraft:glass_pane":1,"botania:orange_double_flower":1,"minecraft:lily_of_the_valley":8,"botania:red_mystical_flower":18,"botania:pink_double_flower":1,"minecraft:cornflower":2,"minecraft:crafting_table":1,"botania:yellow_double_flower":1,"minecraft:allium":1,"minecraft:grass_block":4,"minecraft:chest":2,"minecraft:dead_bush":1,"minecraft:rose_bush":1,"botania:cyan_double_flower":2,"botania:blue_mystical_flower":10,"minecraft:spruce_leaves":17,"biomesoplenty:sprout":14,"botania:light_gray_mystical_flower":6,"botania:black_mystical_flower":7,"minecraft:large_fern":1,"botania:pink_mystical_flower":12,"botania:cyan_mystical_flower":24,"minecraft:purple_bed":1,"botania:red_double_flower":2,"botania:purple_mystical_flower":15,"botania:magenta_mystical_flower":31,"minecraft:sweet_berry_bush":49,"biomesoplenty:violet":2,"botania:lime_double_flower":2,"biomesoplenty:maple_leaves":11,"minecraft:azure_bluet":2,"minecraft:grass":28,"botania:white_mystical_flower":5,"botania:yellow_mystical_flower":17,"minecraft:dirt_path":1,"minecraft:light_gray_concrete":2,"botania:gray_mystical_flower":7,"minecraft:pink_tulip":1,"botania:brown_mystical_flower":26,"botania:light_blue_mystical_flower":1,"minecraft:oak_leaves":2,"botania:magenta_double_flower":5,"minecraft:fern":16},"minecraft:custom":{"minecraft:interact_with_furnace":6,"minecraft:mob_kills":5,"minecraft:open_barrel":3,"minecraft:leave_game":1,"minecraft:time_since_death":19323,"minecraft:climb_one_cm":13508,"minecraft:time_since_rest":19365,"minecraft:sprint_one_cm":265663,"minecraft:damage_taken":2167,"minecraft:walk_one_cm":400498,"minecraft:drop":55,"minecraft:damage_dealt":1361,"minecraft:swim_one_cm":23921,"minecraft:fly_one_cm":365355,"minecraft:play_time":80330,"minecraft:open_chest":13,"minecraft:crouch_one_cm":941,"minecraft:sneak_time":557,"minecraft:deaths":1,"minecraft:walk_under_water_one_cm":3601,"minecraft:jump":1779,"minecraft:walk_on_water_one_cm":4801,"minecraft:total_world_time":80330,"minecraft:fall_one_cm":50577},"minecraft:picked_up":{"minecraft:crafting_table":2,"minecraft:allium":1,"minecraft:azure_bluet":2,"minecraft:cooked_beef":5,"minecraft:brown_mushroom":1,"minecraft:wooden_pickaxe":2,"minecraft:chiseled_quartz_block":2,"biomesoplenty:violet":2,"minecraft:cornflower":2,"minecraft:dirt":5,"minecraft:gray_concrete":1,"minecraft:string":2,"botania:light_blue_mystical_flower":2,"botania:black_mystical_flower":12,"botania:white_double_flower":2,"botania:magenta_mystical_flower":49,"minecraft:bone":2,"botania:cyan_mystical_flower":39,"minecraft:kelp":32,"botania:pink_mystical_flower":20,"minecraft:wheat_seeds":2,"botania:purple_mystical_flower":31,"minecraft:smooth_quartz":1,"minecraft:chest":4,"minecraft:iron_sword":1,"botania:gray_mystical_flower":10,"botania:red_mystical_flower":34,"minecraft:stick":13,"botania:cyan_double_flower":4,"minecraft:cooked_porkchop":2,"minecraft:sweet_berries":156,"patchouli:guide_book":2,"botania:yellow_double_flower":2,"botania:pink_double_flower":1,"minecraft:torch":1,"botania:yellow_mystical_flower":34,"minecraft:dried_kelp":7,"botania:lime_double_flower":4,"minecraft:spruce_sapling":2,"minecraft:lily_of_the_valley":8,"alexsmobs:animal_dictionary":1,"alexsmobs:crocodile_scute":2,"botania:white_mystical_flower":8,"botania:red_double_flower":4,"minecraft:light_gray_concrete":1,"biomesoplenty:maple_sapling":1,"minecraft:arrow":1,"minecraft:purple_bed":2,"botania:orange_double_flower":2,"botania:lime_mystical_flower":33,"botania:light_gray_mystical_flower":11,"botania:blue_mystical_flower":15,"botania:orange_mystical_flower":24,"knightquest:small_essence":2,"minecraft:pink_tulip":1,"minecraft:bread":1,"botania:green_mystical_flower":22,"botania:magenta_double_flower":8,"botania:brown_mystical_flower":52},"minecraft:crafted":{"minecraft:cooked_chicken":1,"minecraft:air":0},"minecraft:used":{"minecraft:pink_tulip":1,"botania:gray_mystical_flower":4,"minecraft:dried_kelp":7,"minecraft:wooden_pickaxe":3,"minecraft:iron_sword":88,"minecraft:brown_mushroom":1,"minecraft:cooked_chicken":1,"minecraft:torch":1,"minecraft:dirt":5,"minecraft:lily_of_the_valley":8,"minecraft:allium":1,"minecraft:chiseled_quartz_block":2,"minecraft:gray_concrete":1,"minecraft:azure_bluet":2,"minecraft:cornflower":2,"minecraft:light_gray_concrete":1,"minecraft:bread":6,"minecraft:smooth_quartz":1,"minecraft:spruce_sapling":2,"minecraft:sweet_berries":95,"minecraft:cooked_porkchop":2,"minecraft:cooked_beef":4,"biomesoplenty:violet":2}},"DataVersion":3465}