{"stats":{"minecraft:killed":{"minecraft:skeleton":1,"alexsmobs:crocodile":1},"minecraft:dropped":{"minecraft:sweet_berries":6,"minecraft:kelp":32,"biomesoplenty:maple_sapling":1,"knightquest:small_essence":1,"minecraft:arrow":1},"minecraft:mined":{"botania:green_mystical_flower":11,"botania:lime_mystical_flower":16,"botania:orange_mystical_flower":12,"minecraft:brown_mushroom":1,"minecraft:glass_pane":1,"botania:orange_double_flower":1,"minecraft:lily_of_the_valley":8,"botania:red_mystical_flower":14,"minecraft:crafting_table":1,"botania:yellow_double_flower":1,"minecraft:grass_block":1,"minecraft:chest":2,"minecraft:dead_bush":1,"minecraft:rose_bush":1,"botania:cyan_double_flower":1,"biomesoplenty:sprout":13,"botania:black_mystical_flower":3,"minecraft:large_fern":1,"botania:pink_mystical_flower":6,"minecraft:purple_bed":1,"botania:cyan_mystical_flower":13,"botania:red_double_flower":2,"botania:purple_mystical_flower":3,"botania:magenta_mystical_flower":12,"minecraft:sweet_berry_bush":17,"biomesoplenty:violet":2,"botania:lime_double_flower":2,"biomesoplenty:maple_leaves":11,"minecraft:azure_bluet":2,"minecraft:grass":22,"botania:yellow_mystical_flower":15,"minecraft:light_gray_concrete":2,"botania:gray_mystical_flower":7,"minecraft:pink_tulip":1,"botania:brown_mystical_flower":26,"botania:light_blue_mystical_flower":1,"minecraft:fern":6},"minecraft:custom":{"minecraft:interact_with_furnace":5,"minecraft:mob_kills":2,"minecraft:open_barrel":2,"minecraft:time_since_death":45500,"minecraft:climb_one_cm":11456,"minecraft:time_since_rest":45500,"minecraft:sprint_one_cm":140672,"minecraft:walk_one_cm":237684,"minecraft:damage_taken":1117,"minecraft:drop":11,"minecraft:damage_dealt":491,"minecraft:swim_one_cm":6754,"minecraft:fly_one_cm":180565,"minecraft:open_chest":10,"minecraft:crouch_one_cm":893,"minecraft:play_time":45500,"minecraft:sneak_time":345,"minecraft:walk_under_water_one_cm":451,"minecraft:jump":931,"minecraft:walk_on_water_one_cm":251,"minecraft:total_world_time":45500,"minecraft:fall_one_cm":28512},"minecraft:picked_up":{"minecraft:crafting_table":1,"minecraft:azure_bluet":2,"minecraft:brown_mushroom":1,"minecraft:chiseled_quartz_block":2,"minecraft:wooden_pickaxe":1,"biomesoplenty:violet":2,"minecraft:gray_concrete":1,"minecraft:dirt":1,"botania:light_blue_mystical_flower":1,"botania:black_mystical_flower":4,"botania:white_double_flower":1,"minecraft:bone":1,"botania:magenta_mystical_flower":12,"botania:cyan_mystical_flower":13,"minecraft:kelp":32,"botania:pink_mystical_flower":7,"minecraft:wheat_seeds":2,"botania:purple_mystical_flower":3,"minecraft:smooth_quartz":1,"minecraft:chest":2,"botania:gray_mystical_flower":7,"minecraft:stick":4,"botania:red_mystical_flower":14,"botania:cyan_double_flower":1,"minecraft:cooked_porkchop":2,"minecraft:sweet_berries":33,"botania:yellow_double_flower":1,"minecraft:torch":1,"botania:yellow_mystical_flower":15,"minecraft:dried_kelp":7,"botania:lime_double_flower":2,"minecraft:lily_of_the_valley":8,"botania:red_double_flower":2,"minecraft:light_gray_concrete":1,"biomesoplenty:maple_sapling":1,"minecraft:arrow":1,"minecraft:purple_bed":1,"botania:orange_double_flower":1,"botania:lime_mystical_flower":15,"botania:orange_mystical_flower":12,"knightquest:small_essence":1,"minecraft:pink_tulip":1,"botania:green_mystical_flower":11,"botania:brown_mystical_flower":26},"minecraft:crafted":{"minecraft:cooked_chicken":1,"minecraft:air":0},"minecraft:used":{"minecraft:pink_tulip":1,"botania:gray_mystical_flower":4,"minecraft:dried_kelp":1,"minecraft:wooden_pickaxe":2,"minecraft:iron_sword":24,"minecraft:brown_mushroom":1,"minecraft:cooked_chicken":1,"minecraft:torch":1,"minecraft:dirt":1,"minecraft:lily_of_the_valley":8,"minecraft:chiseled_quartz_block":2,"minecraft:gray_concrete":1,"minecraft:azure_bluet":2,"minecraft:light_gray_concrete":1,"minecraft:bread":5,"minecraft:smooth_quartz":1,"minecraft:sweet_berries":28,"minecraft:cooked_porkchop":2,"biomesoplenty:violet":2}},"DataVersion":3465}