{"stats":{"minecraft:killed":{"alexsmobs:crocodile":1},"minecraft:mined":{"botania:red_double_flower":2,"minecraft:large_fern":1,"botania:green_mystical_flower":9,"botania:pink_mystical_flower":3,"botania:cyan_mystical_flower":11,"minecraft:purple_bed":1,"botania:purple_mystical_flower":3,"botania:lime_mystical_flower":16,"botania:orange_mystical_flower":7,"minecraft:brown_mushroom":1,"minecraft:glass_pane":1,"botania:orange_double_flower":1,"botania:red_mystical_flower":10,"minecraft:sweet_berry_bush":17,"biomesoplenty:violet":1,"botania:lime_double_flower":2,"biomesoplenty:maple_leaves":1,"minecraft:crafting_table":1,"botania:yellow_double_flower":1,"minecraft:grass":2,"botania:yellow_mystical_flower":14,"minecraft:chest":2,"minecraft:dead_bush":1,"botania:cyan_double_flower":1,"botania:gray_mystical_flower":7,"botania:brown_mystical_flower":21,"botania:light_blue_mystical_flower":1,"minecraft:fern":6,"botania:magenta_mystical_flower":11},"minecraft:picked_up":{"minecraft:stick":2,"botania:red_mystical_flower":10,"minecraft:crafting_table":1,"botania:cyan_double_flower":1,"minecraft:sweet_berries":26,"botania:yellow_double_flower":1,"minecraft:brown_mushroom":1,"botania:yellow_mystical_flower":14,"biomesoplenty:violet":1,"botania:lime_double_flower":2,"botania:light_blue_mystical_flower":1,"botania:red_double_flower":2,"botania:magenta_mystical_flower":11,"botania:orange_double_flower":1,"botania:cyan_mystical_flower":11,"minecraft:purple_bed":1,"botania:lime_mystical_flower":15,"minecraft:wheat_seeds":1,"botania:pink_mystical_flower":3,"botania:purple_mystical_flower":3,"botania:orange_mystical_flower":7,"minecraft:chest":2,"botania:green_mystical_flower":9,"botania:gray_mystical_flower":7,"botania:brown_mystical_flower":21},"minecraft:custom":{"minecraft:time_since_rest":21500,"minecraft:sprint_one_cm":95386,"minecraft:damage_taken":462,"minecraft:walk_one_cm":121862,"minecraft:mob_kills":1,"minecraft:damage_dealt":197,"minecraft:swim_one_cm":5410,"minecraft:fly_one_cm":117620,"minecraft:open_barrel":2,"minecraft:open_chest":10,"minecraft:crouch_one_cm":102,"minecraft:play_time":21500,"minecraft:sneak_time":27,"minecraft:walk_under_water_one_cm":218,"minecraft:jump":462,"minecraft:time_since_death":21500,"minecraft:walk_on_water_one_cm":146,"minecraft:climb_one_cm":2072,"minecraft:total_world_time":21500,"minecraft:fall_one_cm":12308},"minecraft:used":{"botania:gray_mystical_flower":4,"minecraft:bread":4,"minecraft:iron_sword":5,"minecraft:brown_mushroom":1,"minecraft:sweet_berries":24,"biomesoplenty:violet":1}},"DataVersion":3465}