{"stats":{"minecraft:killed":{"minecraft:spider":1,"minecraft:skeleton":1,"alexsmobs:crocodile":1,"alexsmobs:bison":1},"minecraft:dropped":{"minecraft:sweet_berries":46,"minecraft:kelp":32,"minecraft:cooked_beef":1,"biomesoplenty:maple_sapling":1,"knightquest:small_essence":2,"minecraft:arrow":1},"minecraft:mined":{"botania:green_mystical_flower":11,"botania:lime_mystical_flower":19,"botania:orange_mystical_flower":12,"minecraft:brown_mushroom":1,"minecraft:glass_pane":1,"botania:orange_double_flower":1,"minecraft:lily_of_the_valley":8,"botania:red_mystical_flower":18,"minecraft:crafting_table":1,"botania:yellow_double_flower":1,"minecraft:grass_block":3,"minecraft:chest":2,"minecraft:dead_bush":1,"minecraft:rose_bush":1,"botania:cyan_double_flower":2,"botania:blue_mystical_flower":9,"minecraft:spruce_leaves":17,"biomesoplenty:sprout":14,"botania:light_gray_mystical_flower":5,"botania:black_mystical_flower":3,"minecraft:large_fern":1,"botania:pink_mystical_flower":6,"minecraft:purple_bed":1,"botania:cyan_mystical_flower":16,"botania:red_double_flower":2,"botania:purple_mystical_flower":15,"botania:magenta_mystical_flower":18,"minecraft:sweet_berry_bush":49,"biomesoplenty:violet":2,"botania:lime_double_flower":2,"biomesoplenty:maple_leaves":11,"minecraft:azure_bluet":2,"minecraft:grass":27,"botania:white_mystical_flower":5,"minecraft:dirt_path":1,"botania:yellow_mystical_flower":17,"minecraft:light_gray_concrete":2,"botania:gray_mystical_flower":7,"minecraft:pink_tulip":1,"botania:brown_mystical_flower":26,"botania:light_blue_mystical_flower":1,"minecraft:oak_leaves":2,"botania:magenta_double_flower":3,"minecraft:fern":13},"minecraft:custom":{"minecraft:interact_with_furnace":6,"minecraft:mob_kills":4,"minecraft:open_barrel":3,"minecraft:leave_game":1,"minecraft:time_since_death":9350,"minecraft:climb_one_cm":13508,"minecraft:time_since_rest":9392,"minecraft:sprint_one_cm":209612,"minecraft:walk_one_cm":359924,"minecraft:damage_taken":2127,"minecraft:drop":53,"minecraft:damage_dealt":1351,"minecraft:swim_one_cm":7547,"minecraft:fly_one_cm":281039,"minecraft:deaths":1,"minecraft:open_chest":13,"minecraft:crouch_one_cm":941,"minecraft:play_time":70357,"minecraft:sneak_time":545,"minecraft:walk_under_water_one_cm":1230,"minecraft:jump":1455,"minecraft:walk_on_water_one_cm":1331,"minecraft:total_world_time":70357,"minecraft:fall_one_cm":41730},"minecraft:picked_up":{"minecraft:crafting_table":2,"minecraft:azure_bluet":2,"minecraft:cooked_beef":5,"minecraft:brown_mushroom":1,"minecraft:chiseled_quartz_block":2,"minecraft:wooden_pickaxe":2,"biomesoplenty:violet":2,"minecraft:string":1,"minecraft:gray_concrete":1,"minecraft:dirt":4,"botania:light_blue_mystical_flower":2,"botania:black_mystical_flower":8,"botania:white_double_flower":2,"minecraft:bone":2,"botania:magenta_mystical_flower":36,"botania:cyan_mystical_flower":32,"minecraft:kelp":32,"botania:pink_mystical_flower":14,"minecraft:wheat_seeds":2,"botania:purple_mystical_flower":31,"minecraft:smooth_quartz":1,"minecraft:iron_sword":1,"minecraft:chest":4,"botania:gray_mystical_flower":10,"minecraft:stick":13,"botania:red_mystical_flower":34,"botania:cyan_double_flower":4,"minecraft:cooked_porkchop":2,"minecraft:sweet_berries":156,"patchouli:guide_book":2,"botania:yellow_double_flower":2,"minecraft:torch":1,"botania:yellow_mystical_flower":34,"minecraft:dried_kelp":7,"botania:lime_double_flower":4,"minecraft:spruce_sapling":2,"minecraft:lily_of_the_valley":8,"alexsmobs:animal_dictionary":1,"botania:white_mystical_flower":8,"botania:red_double_flower":4,"minecraft:light_gray_concrete":1,"biomesoplenty:maple_sapling":1,"minecraft:arrow":1,"minecraft:purple_bed":2,"botania:orange_double_flower":2,"botania:lime_mystical_flower":33,"botania:light_gray_mystical_flower":10,"botania:blue_mystical_flower":14,"botania:orange_mystical_flower":24,"knightquest:small_essence":2,"minecraft:pink_tulip":1,"minecraft:bread":1,"botania:magenta_double_flower":6,"botania:green_mystical_flower":22,"botania:brown_mystical_flower":52},"minecraft:crafted":{"minecraft:cooked_chicken":1,"minecraft:air":0},"minecraft:used":{"minecraft:pink_tulip":1,"botania:gray_mystical_flower":4,"minecraft:dried_kelp":7,"minecraft:wooden_pickaxe":3,"minecraft:iron_sword":71,"minecraft:brown_mushroom":1,"minecraft:cooked_chicken":1,"minecraft:torch":1,"minecraft:dirt":4,"minecraft:lily_of_the_valley":8,"minecraft:chiseled_quartz_block":2,"minecraft:gray_concrete":1,"minecraft:azure_bluet":2,"minecraft:light_gray_concrete":1,"minecraft:bread":6,"minecraft:smooth_quartz":1,"minecraft:spruce_sapling":2,"minecraft:sweet_berries":95,"minecraft:cooked_porkchop":2,"minecraft:cooked_beef":2,"biomesoplenty:violet":2}},"DataVersion":3465}