{"stats":{"minecraft:killed_by":{"minecraft:player":2},"minecraft:killed":{"minecraft:spider":6,"creeperoverhaul:bamboo_creeper":1,"minecraft:skeleton":16,"irons_spellbooks:apothecarist":2,"alexsmobs:leafcutter_ant":11,"creeperoverhaul:jungle_creeper":1,"irons_spellbooks:summoned_skeleton":1,"minecraft:cat":1,"irons_spellbooks:necromancer":1,"minecraft:creeper":1,"minecraft:sheep":3,"minecraft:zombie":5,"minecraft:cow":3,"irons_spellbooks:summoned_zombie":4,"alexsmobs:raccoon":1,"minecraft:phantom":9,"alexsmobs:bison":1,"minecraft:drowned":1,"cataclysm:lionfish":1,"cataclysm:deepling_angler":1,"minecraft:hoglin":37,"alexsmobs:crocodile":2,"minecraft:wither_skeleton":22},"minecraft:broken":{"minecraft:stone_pickaxe":1,"minecraft:golden_sword":1,"minecraft:iron_sword":1,"minecraft:wooden_pickaxe":1},"minecraft:dropped":{"minecraft:porkchop":1,"minecraft:warped_fungus":1,"minecraft:cooked_beef":1,"minecraft:crafting_table":3,"minecraft:dark_oak_slab":2,"minecraft:jungle_planks":8,"tombstone:bag_of_seeds":1,"minecraft:mutton":4,"minecraft:white_wool":31,"minecraft:bone":4,"minecraft:rotten_flesh":10,"alexsmobs:cachalot_whale_tooth":1,"minecraft:carrot":13,"patchouli:guide_book":1,"minecraft:gunpowder":2,"minecraft:jungle_log":3,"minecraft:melon_seeds":1,"minecraft:leather_boots":1,"minecraft:acacia_sapling":2,"minecraft:chest":2,"minecraft:arrow":4,"minecraft:bread":7,"minecraft:wheat_seeds":3,"biomesoplenty:maple_sapling":1,"minecraft:cobblestone":33,"minecraft:lead":1,"minecraft:acacia_log":2,"minecraft:golden_apple":1,"minecraft:stick":2,"irons_spellbooks:scroll":2,"relics:roller_skates":1,"minecraft:ink_sac":4,"tombstone:grave_key":1,"tombstone:grave_dust":1,"minecraft:jungle_leaves":1,"minecraft:chainmail_leggings":1,"minecraft:string":4,"irons_spellbooks:greater_evasion_elixir":1,"minecraft:sweet_berries":46,"minecraft:kelp":32,"irons_spellbooks:graybeard_staff":2,"minecraft:filled_map":1,"minecraft:hay_block":12,"knightquest:filled_goblet":1,"botania:lexicon":1,"minecraft:spruce_planks":1,"minecraft:iron_chestplate":1,"minecraft:golden_sword":1,"minecraft:diamond_boots":1,"knightquest:small_essence":8,"minecraft:quartz_slab":2},"minecraft:picked_up":{"irons_spellbooks:scroll":11,"minecraft:iron_chestplate":1,"minecraft:lead":2,"minecraft:oak_stairs":1,"minecraft:enchanted_book":3,"biomesoplenty:violet":2,"minecraft:golden_sword":1,"minecraft:raw_copper":36,"minecraft:string":8,"biomesoplenty:magic_boat":3,"irons_spellbooks:nature_rune":3,"minecraft:shroomlight":1,"minecraft:oak_sign":1,"irons_spellbooks:arcane_essence":30,"minecraft:spruce_planks":23,"minecraft:smooth_quartz":1,"minecraft:melon_slice":86,"irons_spellbooks:inscription_table":2,"minecraft:stick":17,"botania:lexicon":1,"botania:cyan_double_flower":4,"minecraft:acacia_log":2,"minecraft:torch":1,"botania:yellow_mystical_flower":45,"minecraft:spruce_stairs":4,"minecraft:porkchop":68,"minecraft:dried_kelp":7,"minecraft:diorite":19,"tombstone:grave_dust":1,"botania:white_mystical_flower":17,"minecraft:rotten_flesh":12,"botania:orange_double_flower":3,"botania:light_gray_mystical_flower":29,"minecraft:mangrove_roots":1,"minecraft:cobblestone":127,"minecraft:magma_block":2,"relics:roller_skates":1,"minecraft:feather":2,"minecraft:cooked_beef":5,"minecraft:andesite":11,"minecraft:jungle_log":12,"minecraft:chiseled_quartz_block":2,"minecraft:wither_skeleton_skull":2,"minecraft:gray_concrete":1,"minecraft:dirt":15,"botania:white_double_flower":3,"minecraft:bone":29,"irons_spellbooks:hogskin":59,"irons_spellbooks:iron_spell_book":1,"botania:cyan_mystical_flower":62,"minecraft:acacia_planks":1,"botania:pink_mystical_flower":36,"minecraft:wheat_seeds":5,"botania:purple_mystical_flower":39,"minecraft:oak_planks":15,"minecraft:pitcher_pod":1,"botania:gray_mystical_flower":29,"botania:red_mystical_flower":61,"minecraft:cooked_porkchop":23,"irons_spellbooks:legendary_ink":1,"patchouli:guide_book":3,"botania:yellow_double_flower":4,"botania:pink_double_flower":2,"minecraft:stripped_acacia_wood":6,"minecraft:ink_sac":4,"minecraft:lily_of_the_valley":8,"alexsmobs:animal_dictionary":1,"irons_spellbooks:evasion_elixir":1,"cataclysm:lionfish":1,"biomesoplenty:glowflower":1,"minecraft:jungle_leaves":1,"minecraft:bundle":1,"minecraft:light_gray_concrete":1,"knightquest:filled_goblet":1,"knightquest:small_essence":13,"minecraft:granite":8,"minecraft:bread":77,"biomesoplenty:pink_daffodil":10,"irons_spellbooks:uncommon_ink":1,"minecraft:chorus_fruit":15,"minecraft:fishing_rod":1,"minecraft:crafting_table":5,"minecraft:allium":1,"minecraft:azure_bluet":2,"minecraft:chicken":1,"minecraft:brown_mushroom":2,"minecraft:wooden_pickaxe":2,"minecraft:chain":1,"minecraft:cornflower":2,"minecraft:netherite_scrap":3,"minecraft:quartz_slab":2,"botania:magenta_mystical_flower":102,"minecraft:beef":5,"minecraft:oak_boat":3,"irons_spellbooks:epic_ink":5,"minecraft:jungle_sapling":1,"minecraft:sugar_cane":6,"minecraft:chest":5,"minecraft:egg":1,"minecraft:raw_iron":6,"minecraft:copper_ingot":2,"botania:lime_double_flower":6,"irons_spellbooks:alchemist_cauldron":1,"alexsmobs:crocodile_scute":4,"minecraft:dark_oak_planks":2,"biomesoplenty:blue_hydrangea":1,"minecraft:arrow":10,"botania:lime_mystical_flower":42,"minecraft:hay_block":12,"botania:blue_mystical_flower":31,"minecraft:oak_chest_boat":1,"minecraft:pink_tulip":1,"minecraft:saddle":1,"minecraft:gold_ingot":1,"botania:magenta_double_flower":16,"minecraft:mutton":4,"botania:green_mystical_flower":37,"irons_spellbooks:greater_evasion_elixir":1,"minecraft:bone_block":1,"minecraft:white_wool":39,"minecraft:golden_carrot":5,"minecraft:leather":16,"alexsmobs:cachalot_whale_tooth":1,"minecraft:oak_log":5,"minecraft:gunpowder":4,"tombstone:gift":1,"botania:light_blue_mystical_flower":11,"irons_spellbooks:rare_ink":1,"botania:black_mystical_flower":12,"irons_spellbooks:common_ink":1,"minecraft:kelp":32,"tombstone:bag_of_seeds":1,"minecraft:iron_sword":2,"minecraft:acacia_sapling":4,"minecraft:dark_oak_stairs":1,"minecraft:dark_oak_slab":2,"minecraft:warped_fungus":1,"minecraft:smooth_basalt":30,"minecraft:sweet_berries":156,"minecraft:spruce_sapling":2,"minecraft:spider_eye":1,"botania:red_double_flower":6,"biomesoplenty:maple_sapling":1,"minecraft:purple_bed":5,"minecraft:chainmail_leggings":2,"botania:orange_mystical_flower":41,"minecraft:acacia_slab":8,"minecraft:melon_seeds":1,"minecraft:coal":10,"botania:brown_mystical_flower":78},"minecraft:used":{"irons_spellbooks:inscription_table":2,"minecraft:writable_book":1,"minecraft:bone_block":1,"minecraft:oak_sign":4,"minecraft:chest":3,"minecraft:iron_sword":393,"minecraft:lily_of_the_valley":8,"minecraft:carrot":49,"minecraft:allium":1,"minecraft:acacia_sapling":2,"minecraft:azure_bluet":2,"minecraft:jungle_sapling":1,"minecraft:golden_sword":32,"minecraft:sweet_berries":95,"minecraft:mangrove_roots":1,"minecraft:egg":1,"minecraft:potato":13,"minecraft:oak_chest_boat":2,"minecraft:dark_oak_stairs":1,"botania:gray_mystical_flower":4,"minecraft:stone_pickaxe":131,"minecraft:oak_planks":14,"minecraft:wooden_pickaxe":65,"biomesoplenty:magic_boat":3,"biomesoplenty:glowflower":1,"minecraft:golden_apple":2,"minecraft:chiseled_quartz_block":2,"minecraft:gray_concrete":1,"minecraft:light_gray_concrete":1,"minecraft:bread":64,"minecraft:melon_slice":86,"tombstone:grave_key":1,"minecraft:diamond_sword":109,"minecraft:oak_boat":3,"minecraft:stripped_acacia_wood":6,"minecraft:dried_kelp":7,"minecraft:spruce_planks":21,"minecraft:cooked_chicken":1,"minecraft:torch":1,"minecraft:dirt":15,"minecraft:spruce_stairs":4,"minecraft:golden_chestplate":1,"minecraft:shroomlight":1,"minecraft:dark_oak_planks":2,"minecraft:oak_stairs":1,"minecraft:smooth_quartz":1,"minecraft:goat_horn":12,"tombstone:gift":5,"biomesoplenty:blue_hydrangea":1,"minecraft:cooked_beef":4,"biomesoplenty:violet":2,"minecraft:pink_tulip":1,"minecraft:brown_mushroom":1,"minecraft:leather_boots":1,"minecraft:crafting_table":3,"irons_spellbooks:alchemist_cauldron":1,"minecraft:cornflower":2,"biomesoplenty:pink_daffodil":10,"minecraft:chicken":1,"minecraft:map":1,"minecraft:spruce_sapling":2,"minecraft:purple_bed":4,"minecraft:cooked_porkchop":23,"minecraft:porkchop":31,"minecraft:bucket":2,"minecraft:pumpkin_pie":13},"minecraft:custom":{"minecraft:interact_with_crafting_table":33,"minecraft:open_barrel":26,"minecraft:bell_ring":130,"minecraft:leave_game":5,"minecraft:time_since_death":2393,"minecraft:sprint_one_cm":915283,"minecraft:drop":153,"minecraft:play_time":520734,"minecraft:deaths":23,"minecraft:jump":5898,"minecraft:walk_on_water_one_cm":119948,"minecraft:interact_with_furnace":28,"minecraft:sleep_in_bed":6,"minecraft:damage_dealt":17301,"minecraft:player_kills":4,"minecraft:crouch_one_cm":13297,"tombstone:undead_killed":58,"minecraft:mob_kills":135,"minecraft:damage_dealt_resisted":5,"minecraft:climb_one_cm":26205,"minecraft:walk_one_cm":1917009,"minecraft:damage_dealt_absorbed":7,"minecraft:sneak_time":5398,"minecraft:walk_under_water_one_cm":252276,"minecraft:boat_one_cm":361118,"minecraft:interact_with_lectern":1,"minecraft:total_world_time":520734,"tombstone:raider_killed":9,"minecraft:time_since_rest":2214,"minecraft:damage_taken":19534,"minecraft:damage_absorbed":80,"minecraft:swim_one_cm":274846,"minecraft:fly_one_cm":1127240,"minecraft:open_chest":200,"minecraft:fall_one_cm":170932},"minecraft:mined":{"minecraft:spruce_planks":15,"botania:red_mystical_flower":18,"minecraft:jungle_leaves":1,"botania:pink_double_flower":1,"minecraft:granite":8,"minecraft:grass_block":9,"minecraft:jungle_log":9,"botania:light_gray_mystical_flower":12,"botania:purple_mystical_flower":23,"minecraft:iron_ore":6,"biomesoplenty:violet":2,"botania:lime_double_flower":2,"minecraft:azure_bluet":2,"minecraft:dark_oak_stairs":1,"minecraft:oak_sign":1,"minecraft:dirt_path":1,"biomesoplenty:glowflower":1,"minecraft:light_gray_concrete":2,"minecraft:pink_tulip":1,"botania:brown_mystical_flower":26,"botania:light_blue_mystical_flower":5,"botania:green_mystical_flower":15,"botania:orange_mystical_flower":17,"minecraft:brown_mushroom":2,"minecraft:melon":18,"minecraft:chest":2,"minecraft:dead_bush":1,"botania:blue_mystical_flower":13,"minecraft:oak_planks":1,"minecraft:sugar_cane":4,"botania:black_mystical_flower":7,"minecraft:seagrass":1,"biomesoplenty:maple_leaves":11,"minecraft:grass":47,"biomesoplenty:clover":1,"minecraft:oak_log":5,"minecraft:dirt":1,"minecraft:smooth_basalt":30,"minecraft:oak_leaves":13,"botania:magenta_double_flower":7,"biomesoplenty:reed":1,"biomesoplenty:watergrass":1,"minecraft:light_gray_stained_glass_pane":4,"botania:orange_double_flower":1,"minecraft:mangrove_roots":2,"minecraft:gray_stained_glass_pane":1,"biomesoplenty:bush":2,"minecraft:allium":1,"botania:cyan_double_flower":2,"minecraft:spruce_leaves":17,"minecraft:large_fern":1,"minecraft:hay_block":12,"minecraft:black_stained_glass_pane":3,"botania:magenta_mystical_flower":45,"minecraft:andesite":11,"minecraft:shroomlight":1,"irons_spellbooks:inscription_table":1,"minecraft:stone":100,"minecraft:white_wool":4,"botania:lime_mystical_flower":28,"minecraft:glass_pane":1,"minecraft:lily_of_the_valley":8,"minecraft:crafting_table":2,"minecraft:cornflower":2,"botania:yellow_double_flower":1,"minecraft:rose_bush":1,"minecraft:campfire":1,"minecraft:tall_grass":2,"minecraft:copper_ore":11,"biomesoplenty:sprout":19,"minecraft:diorite":19,"minecraft:spruce_stairs":2,"botania:pink_mystical_flower":14,"botania:red_double_flower":2,"botania:cyan_mystical_flower":24,"minecraft:purple_bed":3,"biomesoplenty:blue_hydrangea":1,"minecraft:sweet_berry_bush":49,"biomesoplenty:pink_daffodil":13,"botania:white_mystical_flower":7,"minecraft:coal_ore":4,"botania:yellow_mystical_flower":17,"botania:gray_mystical_flower":13,"minecraft:fern":20,"minecraft:dark_oak_planks":2},"minecraft:crafted":{"irons_spellbooks:wandering_magician_helmet":1,"minecraft:oak_planks":20,"minecraft:oak_sign":3,"irons_spellbooks:iron_spell_book":1,"minecraft:cooked_chicken":1,"minecraft:chain":3,"minecraft:chest":3,"minecraft:wooden_shovel":2,"irons_spellbooks:copper_spell_book":1,"minecraft:crafting_table":2,"minecraft:wooden_pickaxe":1,"minecraft:paper":6,"minecraft:diamond_pickaxe":1,"minecraft:stick":16,"minecraft:leather_chestplate":1,"minecraft:iron_ingot":6,"irons_spellbooks:magic_cloth":5,"minecraft:leather_leggings":1,"minecraft:leather_boots":1,"minecraft:iron_nugget":9,"irons_spellbooks:wandering_magician_leggings":1,"irons_spellbooks:graybeard_staff":2,"minecraft:leather":36,"minecraft:stone_pickaxe":1,"minecraft:diamond_sword":1,"minecraft:leather_helmet":1,"minecraft:bucket":1,"minecraft:air":0,"minecraft:jungle_planks":40,"minecraft:oak_boat":1,"minecraft:oak_chest_boat":1,"irons_spellbooks:wandering_magician_chestplate":1,"irons_spellbooks:wandering_magician_boots":1,"irons_spellbooks:diamond_spell_book":1}},"DataVersion":3465}