{"stats":{"minecraft:custom":{"minecraft:mob_kills":27,"minecraft:interact_with_crafting_table":11,"minecraft:open_barrel":5,"minecraft:bell_ring":130,"minecraft:leave_game":1,"minecraft:time_since_death":37608,"minecraft:climb_one_cm":20546,"minecraft:sprint_one_cm":562455,"minecraft:walk_one_cm":1004955,"minecraft:drop":92,"minecraft:play_time":264588,"minecraft:sneak_time":1892,"minecraft:deaths":9,"minecraft:walk_under_water_one_cm":61900,"minecraft:boat_one_cm":361118,"minecraft:interact_with_lectern":1,"minecraft:jump":3987,"minecraft:walk_on_water_one_cm":58486,"minecraft:total_world_time":264588,"minecraft:interact_with_furnace":9,"minecraft:sleep_in_bed":4,"minecraft:time_since_rest":36855,"minecraft:damage_taken":5705,"minecraft:damage_dealt":5034,"minecraft:swim_one_cm":88026,"minecraft:fly_one_cm":745367,"minecraft:open_chest":90,"minecraft:crouch_one_cm":3385,"tombstone:undead_killed":6,"minecraft:fall_one_cm":96177},"minecraft:crafted":{"minecraft:oak_planks":20,"minecraft:oak_sign":3,"minecraft:cooked_chicken":1,"minecraft:stone_pickaxe":1,"minecraft:chest":3,"irons_spellbooks:copper_spell_book":1,"minecraft:crafting_table":2,"minecraft:wooden_pickaxe":1,"minecraft:air":0,"minecraft:jungle_planks":40,"minecraft:oak_boat":1,"minecraft:oak_chest_boat":1,"minecraft:stick":8},"minecraft:mined":{"biomesoplenty:watergrass":1,"minecraft:spruce_planks":5,"minecraft:light_gray_stained_glass_pane":2,"botania:orange_double_flower":1,"botania:red_mystical_flower":18,"minecraft:jungle_leaves":1,"botania:pink_double_flower":1,"minecraft:mangrove_roots":2,"minecraft:granite":8,"biomesoplenty:bush":2,"minecraft:allium":1,"minecraft:grass_block":9,"minecraft:jungle_log":9,"botania:cyan_double_flower":2,"minecraft:spruce_leaves":17,"botania:light_gray_mystical_flower":12,"minecraft:large_fern":1,"minecraft:hay_block":12,"botania:purple_mystical_flower":23,"botania:magenta_mystical_flower":45,"minecraft:iron_ore":6,"biomesoplenty:violet":2,"minecraft:andesite":11,"botania:lime_double_flower":2,"minecraft:azure_bluet":2,"minecraft:oak_sign":1,"minecraft:dirt_path":1,"biomesoplenty:glowflower":1,"minecraft:light_gray_concrete":2,"minecraft:pink_tulip":1,"irons_spellbooks:inscription_table":1,"minecraft:stone":100,"botania:brown_mystical_flower":26,"botania:light_blue_mystical_flower":5,"botania:green_mystical_flower":15,"botania:lime_mystical_flower":28,"minecraft:brown_mushroom":2,"botania:orange_mystical_flower":17,"minecraft:glass_pane":1,"minecraft:lily_of_the_valley":8,"minecraft:crafting_table":2,"minecraft:cornflower":2,"botania:yellow_double_flower":1,"minecraft:melon":18,"minecraft:chest":2,"minecraft:dead_bush":1,"minecraft:rose_bush":1,"minecraft:campfire":1,"minecraft:copper_ore":11,"botania:blue_mystical_flower":13,"biomesoplenty:sprout":19,"minecraft:oak_planks":1,"minecraft:diorite":19,"botania:black_mystical_flower":7,"botania:pink_mystical_flower":14,"minecraft:seagrass":1,"minecraft:purple_bed":3,"botania:cyan_mystical_flower":24,"botania:red_double_flower":2,"biomesoplenty:blue_hydrangea":1,"minecraft:sweet_berry_bush":49,"biomesoplenty:pink_daffodil":13,"biomesoplenty:maple_leaves":11,"minecraft:coal_ore":4,"minecraft:grass":47,"biomesoplenty:clover":1,"botania:white_mystical_flower":7,"minecraft:oak_log":5,"botania:yellow_mystical_flower":17,"minecraft:dirt":1,"botania:gray_mystical_flower":13,"minecraft:smooth_basalt":30,"minecraft:oak_leaves":13,"botania:magenta_double_flower":7,"minecraft:fern":20,"biomesoplenty:reed":1},"minecraft:picked_up":{"irons_spellbooks:scroll":3,"minecraft:crafting_table":5,"minecraft:allium":1,"minecraft:azure_bluet":2,"minecraft:chicken":1,"minecraft:brown_mushroom":2,"minecraft:lead":1,"minecraft:wooden_pickaxe":2,"biomesoplenty:violet":2,"minecraft:chain":1,"minecraft:raw_copper":36,"minecraft:cornflower":2,"biomesoplenty:magic_boat":3,"minecraft:string":4,"irons_spellbooks:nature_rune":3,"botania:magenta_mystical_flower":102,"minecraft:oak_sign":1,"irons_spellbooks:arcane_essence":30,"minecraft:spruce_planks":7,"minecraft:beef":5,"minecraft:jungle_sapling":1,"minecraft:oak_boat":3,"irons_spellbooks:epic_ink":5,"minecraft:smooth_quartz":1,"minecraft:melon_slice":86,"minecraft:chest":5,"irons_spellbooks:inscription_table":2,"minecraft:egg":1,"minecraft:raw_iron":6,"minecraft:stick":15,"botania:cyan_double_flower":4,"minecraft:copper_ingot":2,"minecraft:torch":1,"botania:yellow_mystical_flower":45,"minecraft:acacia_log":2,"minecraft:spruce_stairs":1,"minecraft:dried_kelp":7,"botania:lime_double_flower":6,"minecraft:diorite":19,"irons_spellbooks:alchemist_cauldron":1,"alexsmobs:crocodile_scute":4,"botania:white_mystical_flower":17,"minecraft:rotten_flesh":4,"minecraft:arrow":3,"biomesoplenty:blue_hydrangea":1,"botania:orange_double_flower":3,"botania:lime_mystical_flower":42,"botania:light_gray_mystical_flower":29,"botania:blue_mystical_flower":31,"minecraft:hay_block":12,"minecraft:pink_tulip":1,"minecraft:mangrove_roots":1,"minecraft:oak_chest_boat":1,"botania:green_mystical_flower":37,"minecraft:mutton":4,"botania:magenta_double_flower":16,"irons_spellbooks:greater_evasion_elixir":1,"minecraft:white_wool":3,"minecraft:cobblestone":127,"minecraft:andesite":11,"minecraft:cooked_beef":5,"minecraft:jungle_log":12,"minecraft:leather":5,"minecraft:chiseled_quartz_block":2,"alexsmobs:cachalot_whale_tooth":1,"minecraft:oak_log":5,"minecraft:gray_concrete":1,"minecraft:dirt":15,"tombstone:gift":1,"botania:light_blue_mystical_flower":11,"irons_spellbooks:rare_ink":1,"botania:black_mystical_flower":12,"botania:white_double_flower":3,"irons_spellbooks:common_ink":1,"minecraft:bone":5,"botania:cyan_mystical_flower":62,"minecraft:kelp":32,"minecraft:wheat_seeds":4,"botania:pink_mystical_flower":36,"botania:purple_mystical_flower":39,"botania:gray_mystical_flower":29,"minecraft:iron_sword":1,"minecraft:pitcher_pod":1,"minecraft:oak_planks":2,"minecraft:acacia_sapling":4,"minecraft:smooth_basalt":30,"botania:red_mystical_flower":61,"minecraft:warped_fungus":1,"minecraft:cooked_porkchop":2,"minecraft:sweet_berries":156,"irons_spellbooks:legendary_ink":1,"patchouli:guide_book":3,"botania:yellow_double_flower":4,"botania:pink_double_flower":2,"minecraft:spruce_sapling":2,"minecraft:ink_sac":2,"minecraft:lily_of_the_valley":8,"alexsmobs:animal_dictionary":1,"irons_spellbooks:evasion_elixir":1,"biomesoplenty:glowflower":1,"botania:red_double_flower":6,"minecraft:light_gray_concrete":1,"biomesoplenty:maple_sapling":1,"minecraft:purple_bed":5,"botania:orange_mystical_flower":41,"knightquest:small_essence":2,"minecraft:granite":8,"minecraft:bread":63,"minecraft:coal":4,"biomesoplenty:pink_daffodil":10,"irons_spellbooks:uncommon_ink":1,"minecraft:melon_seeds":1,"botania:brown_mystical_flower":78},"minecraft:dropped":{"minecraft:wheat_seeds":2,"minecraft:warped_fungus":1,"minecraft:cooked_beef":1,"minecraft:crafting_table":3,"biomesoplenty:maple_sapling":1,"minecraft:cobblestone":33,"minecraft:jungle_planks":8,"minecraft:acacia_log":2,"minecraft:stick":2,"minecraft:ink_sac":2,"minecraft:mutton":4,"minecraft:string":3,"minecraft:white_wool":1,"irons_spellbooks:greater_evasion_elixir":1,"minecraft:kelp":32,"minecraft:sweet_berries":46,"minecraft:rotten_flesh":4,"alexsmobs:cachalot_whale_tooth":1,"patchouli:guide_book":1,"minecraft:hay_block":12,"minecraft:spruce_planks":1,"minecraft:jungle_log":3,"minecraft:melon_seeds":1,"minecraft:leather_boots":1,"minecraft:acacia_sapling":2,"minecraft:chest":2,"knightquest:small_essence":2,"minecraft:arrow":3},"minecraft:killed":{"irons_spellbooks:summoned_zombie":2,"alexsmobs:raccoon":1,"minecraft:spider":2,"minecraft:skeleton":1,"irons_spellbooks:apothecarist":2,"alexsmobs:leafcutter_ant":5,"alexsmobs:bison":1,"minecraft:drowned":1,"irons_spellbooks:summoned_skeleton":1,"minecraft:cat":1,"irons_spellbooks:necromancer":1,"minecraft:sheep":3,"alexsmobs:crocodile":2,"minecraft:zombie":1,"minecraft:cow":3},"minecraft:used":{"irons_spellbooks:inscription_table":2,"minecraft:writable_book":1,"minecraft:dried_kelp":7,"minecraft:oak_sign":4,"minecraft:chest":3,"minecraft:spruce_planks":6,"minecraft:iron_sword":259,"minecraft:cooked_chicken":1,"minecraft:torch":1,"minecraft:dirt":15,"minecraft:lily_of_the_valley":8,"minecraft:spruce_stairs":1,"minecraft:allium":1,"minecraft:acacia_sapling":2,"minecraft:azure_bluet":2,"minecraft:jungle_sapling":1,"minecraft:smooth_quartz":1,"minecraft:mangrove_roots":1,"minecraft:sweet_berries":95,"tombstone:gift":2,"biomesoplenty:blue_hydrangea":1,"minecraft:egg":1,"minecraft:cooked_beef":4,"biomesoplenty:violet":2,"minecraft:oak_chest_boat":2,"minecraft:pink_tulip":1,"botania:gray_mystical_flower":4,"minecraft:stone_pickaxe":131,"minecraft:oak_planks":1,"minecraft:wooden_pickaxe":65,"biomesoplenty:magic_boat":2,"minecraft:brown_mushroom":1,"biomesoplenty:glowflower":1,"minecraft:leather_boots":1,"minecraft:crafting_table":3,"minecraft:chiseled_quartz_block":2,"minecraft:gray_concrete":1,"minecraft:cornflower":2,"biomesoplenty:pink_daffodil":10,"minecraft:light_gray_concrete":1,"minecraft:chicken":1,"minecraft:bread":8,"minecraft:melon_slice":70,"minecraft:spruce_sapling":2,"minecraft:purple_bed":4,"minecraft:cooked_porkchop":2,"minecraft:oak_boat":3},"minecraft:killed_by":{"minecraft:player":1},"minecraft:broken":{"minecraft:wooden_pickaxe":1,"minecraft:stone_pickaxe":1}},"DataVersion":3465}