{"stats":{"minecraft:broken":{"irons_spellbooks:wandering_magician_leggings":1,"minecraft:stone_pickaxe":2,"minecraft:golden_sword":1,"irons_spellbooks:wandering_magician_boots":1,"minecraft:wooden_sword":1,"minecraft:iron_sword":1,"minecraft:wooden_pickaxe":2,"irons_spellbooks:wandering_magician_helmet":1,"irons_spellbooks:wandering_magician_chestplate":1},"minecraft:dropped":{"minecraft:moss_block":2,"minecraft:porkchop":1,"minecraft:diamond_axe":1,"minecraft:warped_fungus":1,"minecraft:cooked_beef":1,"minecraft:glass_bottle":2,"cataclysm:lionfish":1,"minecraft:crafting_table":3,"minecraft:crossbow":2,"minecraft:dark_oak_slab":2,"minecraft:glow_berries":1,"minecraft:leather":4,"minecraft:jungle_planks":8,"relics:horse_flute":1,"minecraft:saddle":2,"minecraft:dirt":4,"tombstone:bag_of_seeds":1,"minecraft:mutton":4,"minecraft:amethyst_shard":6,"minecraft:dark_oak_planks":3,"minecraft:white_wool":31,"minecraft:bone":20,"minecraft:compass":1,"minecraft:goat_horn":3,"minecraft:wheat":70,"minecraft:rotten_flesh":11,"minecraft:diamond_shovel":1,"minecraft:carrot":13,"alexsmobs:cachalot_whale_tooth":1,"patchouli:guide_book":1,"minecraft:gunpowder":6,"minecraft:acacia_slab":8,"minecraft:jungle_log":3,"minecraft:melon_seeds":1,"minecraft:leather_boots":1,"minecraft:acacia_sapling":2,"minecraft:chest":2,"minecraft:arrow":6,"minecraft:crying_obsidian":1,"minecraft:netherrack":11,"minecraft:bread":7,"minecraft:wheat_seeds":3,"minecraft:poisonous_potato":1,"biomesoplenty:maple_sapling":1,"minecraft:cobblestone":232,"minecraft:lead":2,"minecraft:amethyst_block":2,"biomesoplenty:jacaranda_planks":1,"minecraft:acacia_log":2,"minecraft:coal":9,"minecraft:golden_apple":1,"minecraft:stick":4,"irons_spellbooks:scroll":2,"relics:roller_skates":1,"minecraft:ink_sac":4,"minecraft:torch":1,"tombstone:grave_key":1,"minecraft:map":3,"tombstone:grave_dust":3,"minecraft:jungle_leaves":1,"minecraft:chainmail_leggings":2,"minecraft:string":4,"minecraft:redstone":12,"irons_spellbooks:greater_evasion_elixir":1,"minecraft:kelp":32,"minecraft:sweet_berries":53,"irons_spellbooks:alchemist_cauldron":30,"minecraft:stone_sword":1,"minecraft:coarse_dirt":1,"minecraft:bowl":1,"irons_spellbooks:graybeard_staff":2,"minecraft:clay_ball":16,"minecraft:filled_map":1,"minecraft:hay_block":12,"minecraft:mud_bricks":1,"knightquest:filled_goblet":1,"botania:lexicon":1,"minecraft:spruce_planks":2,"minecraft:iron_chestplate":1,"minecraft:andesite":12,"minecraft:golden_sword":1,"minecraft:barrel":1,"minecraft:stone_bricks":1,"minecraft:diamond_boots":1,"knightquest:small_essence":10,"minecraft:raw_gold":4,"minecraft:magma_block":2,"minecraft:quartz_slab":2},"minecraft:killed":{"alexsmobs:hummingbird":1,"minecraft:spider":8,"irons_spellbooks:cryomancer":1,"irons_spellbooks:summoned_polar_bear":1,"creeperoverhaul:bamboo_creeper":1,"minecraft:skeleton":26,"irons_spellbooks:apothecarist":2,"alexsmobs:leafcutter_ant":11,"creeperoverhaul:jungle_creeper":1,"irons_spellbooks:archevoker":1,"irons_spellbooks:summoned_skeleton":1,"minecraft:cat":1,"irons_spellbooks:necromancer":1,"minecraft:creeper":2,"minecraft:sheep":4,"minecraft:pillager":4,"alexsmobs:flutter":1,"minecraft:zombie":6,"alexsmobs:fly":1,"minecraft:cow":3,"irons_spellbooks:summoned_zombie":4,"alexsmobs:raccoon":1,"minecraft:vindicator":1,"minecraft:phantom":9,"minecraft:horse":6,"minecraft:drowned":1,"alexsmobs:bison":1,"cataclysm:lionfish":1,"alexsmobs:flying_fish":3,"cataclysm:deepling_angler":1,"minecraft:ravager":1,"minecraft:hoglin":37,"minecraft:squid":1,"endermanoverhaul:cave_enderman":1,"alexsmobs:crocodile":2,"minecraft:wither_skeleton":22,"minecraft:enderman":1},"minecraft:picked_up":{"irons_spellbooks:scroll":24,"minecraft:iron_chestplate":1,"minecraft:lead":2,"minecraft:oak_stairs":1,"minecraft:potion":1,"biomesoplenty:violet":2,"minecraft:enchanted_book":7,"minecraft:golden_sword":1,"minecraft:amethyst_block":24,"biomesoplenty:magic_boat":3,"minecraft:string":8,"irons_spellbooks:nature_rune":6,"minecraft:raw_copper":70,"minecraft:shroomlight":1,"minecraft:oak_sign":1,"irons_spellbooks:arcane_essence":53,"minecraft:cobbled_deepslate":64,"minecraft:spruce_planks":24,"minecraft:rose_bush":1,"minecraft:smooth_quartz":1,"minecraft:melon_slice":86,"irons_spellbooks:inscription_table":11,"minecraft:iron_boots":1,"botania:lexicon":1,"minecraft:stick":17,"botania:cyan_double_flower":4,"minecraft:big_dripleaf":2,"minecraft:torch":2,"botania:yellow_mystical_flower":45,"minecraft:acacia_log":2,"minecraft:spruce_stairs":4,"minecraft:porkchop":68,"minecraft:dried_kelp":7,"minecraft:diorite":20,"tombstone:grave_dust":6,"minecraft:goat_horn":2,"botania:white_mystical_flower":17,"minecraft:rotten_flesh":16,"botania:orange_double_flower":3,"botania:light_gray_mystical_flower":29,"relics:horse_flute":1,"minecraft:mangrove_roots":1,"minecraft:obsidian":9,"irons_spellbooks:magic_cloth":3,"minecraft:cobblestone":287,"biomesoplenty:lavender":1,"minecraft:magma_block":2,"relics:roller_skates":1,"minecraft:feather":3,"minecraft:cooked_beef":5,"minecraft:andesite":24,"minecraft:jungle_log":12,"minecraft:chiseled_quartz_block":2,"minecraft:wither_skeleton_skull":2,"minecraft:gray_concrete":1,"minecraft:dirt":58,"botania:white_double_flower":3,"irons_spellbooks:iron_spell_book":1,"irons_spellbooks:hogskin":59,"minecraft:bone":43,"botania:cyan_mystical_flower":62,"minecraft:acacia_planks":1,"irons_spellbooks:pedestal":1,"minecraft:wheat_seeds":5,"botania:pink_mystical_flower":36,"botania:purple_mystical_flower":39,"minecraft:moss_block":1,"botania:gray_mystical_flower":29,"minecraft:pitcher_pod":1,"minecraft:oak_planks":15,"botania:red_mystical_flower":61,"irons_spellbooks:frozen_bone":3,"minecraft:cooked_porkchop":33,"irons_spellbooks:legendary_ink":2,"patchouli:guide_book":3,"botania:yellow_double_flower":4,"botania:pink_double_flower":2,"minecraft:stripped_acacia_wood":6,"minecraft:barrel":1,"minecraft:ink_sac":4,"minecraft:lily_of_the_valley":8,"minecraft:dark_oak_log":6,"alexsmobs:animal_dictionary":1,"minecraft:mossy_cobblestone":4,"irons_spellbooks:ice_rune":2,"irons_spellbooks:evasion_elixir":1,"biomesoplenty:glowflower":1,"minecraft:jungle_leaves":1,"minecraft:bundle":1,"cataclysm:lionfish":1,"minecraft:light_gray_concrete":1,"minecraft:yellow_carpet":2,"knightquest:filled_goblet":1,"minecraft:crossbow":1,"knightquest:small_essence":15,"minecraft:granite":8,"minecraft:emerald":1,"minecraft:bread":84,"biomesoplenty:pink_daffodil":10,"minecraft:netherrack":11,"minecraft:chorus_fruit":15,"irons_spellbooks:uncommon_ink":1,"minecraft:fishing_rod":1,"minecraft:coarse_dirt":3,"minecraft:crafting_table":5,"minecraft:allium":1,"minecraft:azure_bluet":2,"minecraft:chicken":1,"minecraft:clay_ball":16,"minecraft:rabbit_stew":1,"minecraft:brown_mushroom":2,"minecraft:wooden_pickaxe":2,"minecraft:stone_brick_wall":4,"minecraft:chain":1,"minecraft:cornflower":2,"relics:leather_belt":1,"minecraft:flint_and_steel":1,"minecraft:netherite_scrap":8,"minecraft:quartz_slab":2,"botania:magenta_mystical_flower":102,"minecraft:beef":5,"minecraft:oak_boat":3,"irons_spellbooks:epic_ink":6,"minecraft:jungle_sapling":1,"minecraft:spruce_slab":1,"minecraft:sugar_cane":6,"minecraft:chest":5,"minecraft:egg":1,"minecraft:raw_iron":6,"minecraft:copper_ingot":2,"botania:lime_double_flower":6,"minecraft:redstone":6,"alexsmobs:crocodile_scute":4,"irons_spellbooks:alchemist_cauldron":66,"minecraft:dark_oak_planks":5,"irons_spellbooks:evocation_rune":1,"minecraft:arrow":21,"biomesoplenty:blue_hydrangea":1,"botania:lime_mystical_flower":42,"minecraft:hay_block":44,"botania:blue_mystical_flower":31,"minecraft:pink_tulip":1,"minecraft:oak_chest_boat":1,"minecraft:saddle":6,"minecraft:gold_ingot":1,"minecraft:glow_berries":1,"botania:green_mystical_flower":37,"minecraft:mutton":4,"botania:magenta_double_flower":16,"minecraft:white_wool":72,"irons_spellbooks:greater_evasion_elixir":1,"minecraft:bone_block":1,"minecraft:mud_bricks":1,"minecraft:golden_carrot":20,"minecraft:leather":20,"biomesoplenty:jacaranda_door":2,"alexsmobs:cachalot_whale_tooth":1,"minecraft:oak_log":7,"biomesoplenty:jacaranda_planks":1,"minecraft:cobblestone_wall":1,"minecraft:gunpowder":6,"minecraft:cobblestone_stairs":1,"tombstone:gift":1,"irons_spellbooks:rare_ink":3,"botania:light_blue_mystical_flower":11,"botania:black_mystical_flower":12,"irons_spellbooks:common_ink":5,"minecraft:stone_bricks":3,"minecraft:kelp":32,"minecraft:iron_ingot":4,"irons_spellbooks:blood_vial":9,"tombstone:bag_of_seeds":1,"minecraft:glass_bottle":1,"minecraft:iron_sword":2,"minecraft:acacia_sapling":4,"minecraft:dark_oak_stairs":1,"minecraft:dark_oak_slab":2,"minecraft:smooth_basalt":30,"minecraft:warped_fungus":1,"minecraft:sweet_berries":163,"minecraft:amethyst_shard":72,"minecraft:spruce_sapling":3,"minecraft:crying_obsidian":10,"minecraft:spider_eye":1,"biomesoplenty:mahogany_log":8,"botania:red_double_flower":6,"minecraft:diamond_shovel":1,"biomesoplenty:maple_sapling":1,"minecraft:purple_bed":5,"minecraft:rib_armor_trim_smithing_template":2,"minecraft:chainmail_leggings":3,"botania:orange_mystical_flower":41,"minecraft:diamond_axe":1,"tombstone:magic_scroll":1,"minecraft:damaged_anvil":2,"minecraft:acacia_slab":8,"minecraft:melon_seeds":1,"botania:brown_mystical_flower":78,"minecraft:coal":10,"minecraft:ender_pearl":1},"minecraft:mined":{"minecraft:dark_oak_planks":2,"minecraft:spruce_planks":16,"botania:red_mystical_flower":18,"minecraft:cobblestone_stairs":2,"minecraft:jungle_leaves":1,"botania:pink_double_flower":1,"minecraft:obsidian":1,"minecraft:granite":8,"minecraft:grass_block":34,"minecraft:stone_brick_wall":6,"minecraft:jungle_log":9,"minecraft:mud_bricks":2,"botania:light_gray_mystical_flower":12,"minecraft:spawner":1,"botania:purple_mystical_flower":23,"minecraft:iron_ore":6,"minecraft:barrel":2,"biomesoplenty:violet":2,"botania:lime_double_flower":2,"minecraft:pumpkin":2,"minecraft:azure_bluet":2,"minecraft:dark_oak_stairs":1,"biomesoplenty:hanging_cobweb":1,"minecraft:oak_sign":1,"minecraft:dirt_path":1,"biomesoplenty:glowflower":1,"biomesoplenty:webbing":2,"minecraft:small_amethyst_bud":1,"minecraft:light_gray_concrete":2,"minecraft:pink_tulip":1,"botania:brown_mystical_flower":26,"botania:light_blue_mystical_flower":5,"minecraft:spruce_slab":2,"botania:green_mystical_flower":15,"biomesoplenty:jacaranda_leaves":1,"irons_spellbooks:pedestal":1,"botania:orange_mystical_flower":17,"minecraft:brown_mushroom":2,"minecraft:kelp_plant":1,"irons_spellbooks:alchemist_cauldron":53,"minecraft:medium_amethyst_bud":1,"minecraft:amethyst_cluster":1,"minecraft:melon":18,"minecraft:chest":2,"minecraft:dead_bush":1,"minecraft:cobblestone":16,"botania:blue_mystical_flower":13,"minecraft:sugar_cane":4,"minecraft:oak_planks":1,"minecraft:damaged_anvil":2,"botania:black_mystical_flower":7,"minecraft:amethyst_block":2,"minecraft:seagrass":1,"biomesoplenty:maple_leaves":11,"minecraft:stone_brick_stairs":2,"minecraft:grass":53,"biomesoplenty:clover":2,"minecraft:oak_log":7,"minecraft:sand":1,"minecraft:dirt":23,"minecraft:smooth_basalt":30,"minecraft:netherrack":56,"minecraft:oak_leaves":13,"botania:magenta_double_flower":7,"biomesoplenty:reed":1,"minecraft:crying_obsidian":6,"biomesoplenty:watergrass":1,"minecraft:light_gray_stained_glass_pane":4,"minecraft:mossy_cobblestone":12,"botania:orange_double_flower":1,"minecraft:dark_oak_log":6,"minecraft:mangrove_roots":2,"minecraft:gray_stained_glass_pane":1,"biomesoplenty:bush":2,"minecraft:allium":1,"botania:cyan_double_flower":2,"minecraft:brown_mushroom_block":1,"minecraft:spruce_leaves":37,"minecraft:moss_block":1,"minecraft:large_fern":1,"minecraft:hay_block":44,"minecraft:black_stained_glass_pane":3,"botania:magenta_mystical_flower":45,"minecraft:packed_mud":1,"minecraft:andesite":23,"minecraft:shroomlight":1,"minecraft:packed_ice":1,"irons_spellbooks:inscription_table":7,"minecraft:stone":258,"minecraft:white_wool":4,"botania:lime_mystical_flower":28,"minecraft:glass_pane":1,"minecraft:lily_of_the_valley":8,"minecraft:crafting_table":2,"minecraft:cornflower":2,"botania:yellow_double_flower":1,"minecraft:rose_bush":2,"minecraft:campfire":1,"minecraft:tall_grass":6,"minecraft:copper_ore":11,"biomesoplenty:sprout":19,"minecraft:diorite":19,"minecraft:coarse_dirt":3,"botania:pink_mystical_flower":14,"minecraft:spruce_stairs":2,"botania:cyan_mystical_flower":24,"botania:red_double_flower":2,"minecraft:purple_bed":3,"minecraft:cobblestone_wall":1,"biomesoplenty:blue_hydrangea":1,"biomesoplenty:mahogany_log":8,"minecraft:sweet_berry_bush":52,"biomesoplenty:pink_daffodil":13,"minecraft:birch_leaves":1,"botania:white_mystical_flower":7,"minecraft:coal_ore":4,"botania:yellow_mystical_flower":17,"botania:gray_mystical_flower":13,"minecraft:stone_bricks":10,"minecraft:fern":20},"minecraft:crafted":{"irons_spellbooks:wandering_magician_helmet":2,"minecraft:oak_planks":28,"minecraft:oak_sign":3,"irons_spellbooks:iron_spell_book":1,"minecraft:cooked_chicken":1,"minecraft:chain":3,"minecraft:chest":8,"minecraft:wooden_shovel":2,"sophisticatedbackpacks:backpack":1,"irons_spellbooks:copper_spell_book":1,"minecraft:cooked_porkchop":4,"minecraft:crafting_table":7,"minecraft:wooden_pickaxe":2,"irons_spellbooks:arcane_anvil":1,"minecraft:paper":6,"minecraft:diamond_pickaxe":1,"minecraft:iron_block":3,"minecraft:stone_sword":1,"minecraft:stick":28,"minecraft:leather_chestplate":1,"minecraft:iron_ingot":14,"irons_spellbooks:mana_ring":1,"irons_spellbooks:magic_cloth":5,"irons_spellbooks:arcane_ingot":4,"minecraft:wooden_sword":2,"minecraft:leather_leggings":2,"minecraft:leather_boots":2,"minecraft:iron_nugget":9,"irons_spellbooks:wandering_magician_leggings":2,"biomesoplenty:mahogany_planks":32,"irons_spellbooks:graybeard_staff":2,"irons_spellbooks:scroll_forge":1,"minecraft:leather":36,"minecraft:polished_deepslate":8,"minecraft:stone_pickaxe":2,"minecraft:dark_oak_planks":24,"minecraft:wheat":281,"minecraft:cooked_beef":5,"minecraft:diamond_sword":1,"minecraft:leather_helmet":2,"minecraft:bucket":1,"minecraft:amethyst_block":3,"minecraft:bread":72,"minecraft:air":0,"minecraft:jungle_planks":40,"minecraft:oak_boat":1,"minecraft:oak_chest_boat":1,"irons_spellbooks:wandering_magician_chestplate":1,"minecraft:anvil":1,"irons_spellbooks:wandering_magician_boots":2,"irons_spellbooks:diamond_spell_book":1},"minecraft:killed_by":{"minecraft:player":2,"irons_spellbooks:archevoker":1},"minecraft:custom":{"minecraft:interact_with_crafting_table":55,"minecraft:open_barrel":88,"minecraft:bell_ring":130,"minecraft:leave_game":7,"minecraft:time_since_death":7801,"minecraft:sprint_one_cm":1728839,"minecraft:drop":233,"minecraft:play_time":871727,"minecraft:deaths":54,"minecraft:jump":10228,"minecraft:walk_on_water_one_cm":215712,"minecraft:interact_with_furnace":42,"minecraft:sleep_in_bed":7,"minecraft:damage_dealt":27293,"minecraft:player_kills":6,"minecraft:crouch_one_cm":28618,"tombstone:undead_killed":69,"minecraft:interact_with_anvil":1,"minecraft:mob_kills":175,"minecraft:damage_dealt_resisted":5,"minecraft:climb_one_cm":38263,"minecraft:walk_one_cm":3633611,"minecraft:damage_dealt_absorbed":7,"minecraft:sneak_time":9538,"minecraft:walk_under_water_one_cm":346414,"minecraft:boat_one_cm":361118,"minecraft:interact_with_lectern":2,"minecraft:total_world_time":871727,"tombstone:raider_killed":15,"minecraft:time_since_rest":7521,"minecraft:damage_taken":34140,"minecraft:damage_absorbed":80,"minecraft:swim_one_cm":568197,"minecraft:fly_one_cm":2085490,"minecraft:open_chest":408,"minecraft:fall_one_cm":306671},"minecraft:used":{"minecraft:moss_block":1,"minecraft:writable_book":1,"minecraft:spruce_slab":1,"minecraft:bone_block":1,"minecraft:oak_sign":4,"minecraft:chest":7,"minecraft:iron_sword":393,"minecraft:lily_of_the_valley":8,"minecraft:carrot":49,"minecraft:allium":1,"minecraft:acacia_sapling":2,"minecraft:azure_bluet":2,"minecraft:big_dripleaf":2,"minecraft:jungle_sapling":1,"minecraft:stone_bricks":2,"minecraft:rabbit_stew":1,"minecraft:golden_sword":32,"minecraft:sweet_berries":95,"minecraft:mangrove_roots":1,"minecraft:egg":1,"minecraft:potato":13,"minecraft:oak_chest_boat":2,"minecraft:damaged_anvil":1,"minecraft:dark_oak_stairs":1,"minecraft:diorite":1,"botania:gray_mystical_flower":4,"minecraft:stone_pickaxe":262,"minecraft:oak_planks":14,"minecraft:wooden_pickaxe":124,"biomesoplenty:magic_boat":3,"biomesoplenty:lavender":1,"biomesoplenty:glowflower":1,"minecraft:golden_apple":2,"minecraft:chiseled_quartz_block":2,"minecraft:gray_concrete":1,"minecraft:light_gray_concrete":1,"minecraft:melon_slice":86,"minecraft:bread":132,"tombstone:grave_key":2,"minecraft:diamond_sword":227,"minecraft:wooden_sword":45,"minecraft:andesite":1,"minecraft:oak_boat":3,"minecraft:coarse_dirt":2,"minecraft:experience_bottle":7,"minecraft:stripped_acacia_wood":6,"minecraft:stone_sword":93,"minecraft:dried_kelp":7,"minecraft:spruce_planks":21,"minecraft:cooked_chicken":1,"minecraft:torch":1,"minecraft:dirt":50,"minecraft:spruce_stairs":4,"minecraft:yellow_carpet":2,"minecraft:golden_chestplate":1,"minecraft:shroomlight":1,"minecraft:dark_oak_planks":2,"minecraft:oak_stairs":1,"minecraft:smooth_quartz":1,"minecraft:goat_horn":32,"tombstone:gift":8,"biomesoplenty:blue_hydrangea":1,"minecraft:cooked_beef":9,"irons_spellbooks:pedestal":1,"biomesoplenty:violet":2,"biomesoplenty:jacaranda_door":2,"minecraft:water_bucket":6,"minecraft:pink_tulip":1,"minecraft:brown_mushroom":1,"minecraft:leather_boots":1,"minecraft:mossy_cobblestone":1,"minecraft:crafting_table":8,"irons_spellbooks:alchemist_cauldron":5,"minecraft:cornflower":2,"minecraft:diamond_pickaxe":159,"biomesoplenty:pink_daffodil":10,"minecraft:chicken":1,"minecraft:map":1,"minecraft:spruce_sapling":3,"irons_spellbooks:scroll_forge":1,"minecraft:cobblestone":19,"minecraft:potion":1,"minecraft:purple_bed":4,"minecraft:porkchop":31,"minecraft:cooked_porkchop":37,"minecraft:bucket":9,"minecraft:pumpkin_pie":13,"irons_spellbooks:arcane_anvil":1,"irons_spellbooks:inscription_table":9}},"DataVersion":3465}