{"stats":{"minecraft:killed_by":{"minecraft:player":2},"minecraft:killed":{"irons_spellbooks:summoned_zombie":4,"alexsmobs:raccoon":1,"minecraft:spider":4,"minecraft:phantom":8,"creeperoverhaul:bamboo_creeper":1,"minecraft:skeleton":2,"irons_spellbooks:apothecarist":2,"alexsmobs:leafcutter_ant":9,"alexsmobs:bison":1,"minecraft:drowned":1,"irons_spellbooks:summoned_skeleton":1,"minecraft:cat":1,"irons_spellbooks:necromancer":1,"minecraft:hoglin":22,"minecraft:sheep":3,"minecraft:zombie":3,"alexsmobs:crocodile":2,"minecraft:wither_skeleton":14,"minecraft:cow":3},"minecraft:broken":{"minecraft:wooden_pickaxe":1,"minecraft:stone_pickaxe":1,"minecraft:iron_sword":1},"minecraft:dropped":{"minecraft:bread":7,"minecraft:wheat_seeds":2,"minecraft:warped_fungus":1,"minecraft:cooked_beef":1,"minecraft:crafting_table":3,"biomesoplenty:maple_sapling":1,"minecraft:cobblestone":33,"minecraft:jungle_planks":8,"minecraft:acacia_log":2,"minecraft:stick":2,"irons_spellbooks:scroll":2,"tombstone:bag_of_seeds":1,"minecraft:ink_sac":2,"tombstone:grave_key":1,"minecraft:mutton":4,"tombstone:grave_dust":1,"minecraft:jungle_leaves":1,"minecraft:string":3,"minecraft:white_wool":1,"irons_spellbooks:greater_evasion_elixir":1,"minecraft:kelp":32,"minecraft:sweet_berries":46,"irons_spellbooks:graybeard_staff":1,"minecraft:rotten_flesh":7,"alexsmobs:cachalot_whale_tooth":1,"patchouli:guide_book":1,"minecraft:hay_block":12,"minecraft:spruce_planks":1,"minecraft:melon_seeds":1,"minecraft:jungle_log":3,"minecraft:leather_boots":1,"minecraft:acacia_sapling":2,"minecraft:chest":2,"knightquest:small_essence":2,"minecraft:arrow":4},"minecraft:picked_up":{"irons_spellbooks:scroll":11,"minecraft:crafting_table":5,"minecraft:allium":1,"minecraft:azure_bluet":2,"minecraft:chicken":1,"minecraft:brown_mushroom":2,"minecraft:lead":1,"minecraft:wooden_pickaxe":2,"biomesoplenty:violet":2,"minecraft:enchanted_book":2,"minecraft:chain":1,"minecraft:cornflower":2,"biomesoplenty:magic_boat":3,"minecraft:string":4,"irons_spellbooks:nature_rune":3,"minecraft:raw_copper":36,"minecraft:netherite_scrap":3,"botania:magenta_mystical_flower":102,"minecraft:oak_sign":1,"irons_spellbooks:arcane_essence":30,"minecraft:spruce_planks":9,"minecraft:beef":5,"minecraft:oak_boat":3,"irons_spellbooks:epic_ink":5,"minecraft:jungle_sapling":1,"minecraft:smooth_quartz":1,"minecraft:melon_slice":86,"minecraft:chest":5,"irons_spellbooks:inscription_table":2,"minecraft:egg":1,"minecraft:stick":15,"minecraft:raw_iron":6,"botania:cyan_double_flower":4,"minecraft:copper_ingot":2,"minecraft:torch":1,"botania:yellow_mystical_flower":45,"minecraft:acacia_log":2,"minecraft:spruce_stairs":1,"minecraft:porkchop":57,"minecraft:dried_kelp":7,"botania:lime_double_flower":6,"tombstone:grave_dust":1,"minecraft:diorite":19,"alexsmobs:crocodile_scute":4,"irons_spellbooks:alchemist_cauldron":1,"botania:white_mystical_flower":17,"botania:orange_double_flower":3,"minecraft:arrow":4,"biomesoplenty:blue_hydrangea":1,"minecraft:rotten_flesh":9,"botania:lime_mystical_flower":42,"botania:light_gray_mystical_flower":29,"minecraft:hay_block":12,"botania:blue_mystical_flower":31,"minecraft:pink_tulip":1,"minecraft:mangrove_roots":1,"minecraft:saddle":1,"minecraft:gold_ingot":1,"minecraft:oak_chest_boat":1,"botania:green_mystical_flower":37,"minecraft:mutton":4,"botania:magenta_double_flower":16,"irons_spellbooks:greater_evasion_elixir":1,"minecraft:white_wool":3,"minecraft:cobblestone":127,"minecraft:magma_block":2,"minecraft:cooked_beef":5,"minecraft:golden_carrot":5,"minecraft:andesite":11,"minecraft:jungle_log":12,"minecraft:leather":15,"minecraft:chiseled_quartz_block":2,"alexsmobs:cachalot_whale_tooth":1,"minecraft:oak_log":5,"minecraft:wither_skeleton_skull":2,"minecraft:gray_concrete":1,"minecraft:dirt":15,"tombstone:gift":1,"irons_spellbooks:rare_ink":1,"botania:light_blue_mystical_flower":11,"botania:black_mystical_flower":12,"botania:white_double_flower":3,"irons_spellbooks:common_ink":1,"irons_spellbooks:hogskin":39,"irons_spellbooks:iron_spell_book":1,"minecraft:bone":19,"minecraft:acacia_planks":1,"botania:cyan_mystical_flower":62,"minecraft:kelp":32,"minecraft:wheat_seeds":4,"botania:pink_mystical_flower":36,"botania:purple_mystical_flower":39,"tombstone:bag_of_seeds":1,"botania:gray_mystical_flower":29,"minecraft:pitcher_pod":1,"minecraft:iron_sword":2,"minecraft:oak_planks":5,"minecraft:acacia_sapling":4,"minecraft:smooth_basalt":30,"botania:red_mystical_flower":61,"minecraft:warped_fungus":1,"minecraft:cooked_porkchop":6,"minecraft:sweet_berries":156,"irons_spellbooks:legendary_ink":1,"patchouli:guide_book":3,"botania:yellow_double_flower":4,"botania:pink_double_flower":2,"minecraft:spider_eye":1,"minecraft:spruce_sapling":2,"minecraft:ink_sac":2,"minecraft:lily_of_the_valley":8,"alexsmobs:animal_dictionary":1,"minecraft:jungle_leaves":1,"irons_spellbooks:evasion_elixir":1,"biomesoplenty:glowflower":1,"minecraft:bundle":1,"botania:red_double_flower":6,"minecraft:light_gray_concrete":1,"biomesoplenty:maple_sapling":1,"minecraft:purple_bed":5,"botania:orange_mystical_flower":41,"knightquest:small_essence":5,"minecraft:granite":8,"minecraft:bread":77,"minecraft:melon_seeds":1,"biomesoplenty:pink_daffodil":10,"minecraft:chorus_fruit":15,"minecraft:acacia_slab":8,"irons_spellbooks:uncommon_ink":1,"botania:brown_mystical_flower":78,"minecraft:coal":7},"minecraft:used":{"irons_spellbooks:inscription_table":2,"minecraft:writable_book":1,"minecraft:dried_kelp":7,"minecraft:oak_sign":4,"minecraft:chest":3,"minecraft:spruce_planks":7,"minecraft:iron_sword":393,"minecraft:cooked_chicken":1,"minecraft:torch":1,"minecraft:dirt":15,"minecraft:lily_of_the_valley":8,"minecraft:spruce_stairs":1,"minecraft:allium":1,"minecraft:acacia_sapling":2,"minecraft:azure_bluet":2,"minecraft:jungle_sapling":1,"minecraft:smooth_quartz":1,"minecraft:golden_sword":12,"minecraft:mangrove_roots":1,"minecraft:sweet_berries":95,"minecraft:egg":1,"tombstone:gift":5,"biomesoplenty:blue_hydrangea":1,"minecraft:cooked_beef":4,"biomesoplenty:violet":2,"minecraft:oak_chest_boat":2,"minecraft:pink_tulip":1,"botania:gray_mystical_flower":4,"minecraft:stone_pickaxe":131,"minecraft:oak_planks":4,"minecraft:wooden_pickaxe":65,"biomesoplenty:magic_boat":3,"minecraft:brown_mushroom":1,"biomesoplenty:glowflower":1,"minecraft:leather_boots":1,"minecraft:crafting_table":3,"minecraft:chiseled_quartz_block":2,"minecraft:gray_concrete":1,"minecraft:cornflower":2,"biomesoplenty:pink_daffodil":10,"minecraft:light_gray_concrete":1,"minecraft:chicken":1,"minecraft:melon_slice":86,"minecraft:bread":64,"tombstone:grave_key":1,"minecraft:spruce_sapling":2,"minecraft:purple_bed":4,"minecraft:porkchop":17,"minecraft:cooked_porkchop":4,"minecraft:pumpkin_pie":13,"minecraft:oak_boat":3},"minecraft:custom":{"minecraft:mob_kills":85,"minecraft:interact_with_crafting_table":19,"minecraft:open_barrel":8,"minecraft:bell_ring":130,"minecraft:damage_dealt_resisted":5,"minecraft:leave_game":4,"minecraft:time_since_death":16801,"minecraft:climb_one_cm":21938,"minecraft:sprint_one_cm":684810,"minecraft:walk_one_cm":1464405,"minecraft:drop":110,"minecraft:damage_dealt_absorbed":7,"minecraft:play_time":401914,"minecraft:sneak_time":3579,"minecraft:deaths":17,"minecraft:walk_under_water_one_cm":146223,"minecraft:boat_one_cm":361118,"minecraft:interact_with_lectern":1,"minecraft:jump":4837,"minecraft:walk_on_water_one_cm":83205,"minecraft:total_world_time":401914,"minecraft:interact_with_furnace":28,"tombstone:raider_killed":8,"minecraft:sleep_in_bed":4,"minecraft:time_since_rest":16529,"minecraft:damage_taken":13433,"minecraft:damage_dealt":11915,"minecraft:player_kills":1,"minecraft:swim_one_cm":188466,"minecraft:fly_one_cm":893366,"minecraft:crouch_one_cm":7498,"minecraft:open_chest":120,"tombstone:undead_killed":33,"minecraft:fall_one_cm":116371},"minecraft:mined":{"biomesoplenty:watergrass":1,"minecraft:spruce_planks":5,"minecraft:light_gray_stained_glass_pane":4,"botania:orange_double_flower":1,"botania:red_mystical_flower":18,"minecraft:jungle_leaves":1,"botania:pink_double_flower":1,"minecraft:mangrove_roots":2,"minecraft:gray_stained_glass_pane":1,"minecraft:granite":8,"biomesoplenty:bush":2,"minecraft:allium":1,"minecraft:grass_block":9,"minecraft:jungle_log":9,"botania:cyan_double_flower":2,"minecraft:spruce_leaves":17,"botania:light_gray_mystical_flower":12,"minecraft:large_fern":1,"minecraft:hay_block":12,"minecraft:black_stained_glass_pane":3,"botania:purple_mystical_flower":23,"botania:magenta_mystical_flower":45,"minecraft:iron_ore":6,"minecraft:andesite":11,"biomesoplenty:violet":2,"botania:lime_double_flower":2,"minecraft:azure_bluet":2,"minecraft:dirt_path":1,"minecraft:oak_sign":1,"biomesoplenty:glowflower":1,"minecraft:light_gray_concrete":2,"minecraft:pink_tulip":1,"botania:brown_mystical_flower":26,"irons_spellbooks:inscription_table":1,"minecraft:stone":100,"botania:light_blue_mystical_flower":5,"botania:green_mystical_flower":15,"botania:lime_mystical_flower":28,"minecraft:brown_mushroom":2,"botania:orange_mystical_flower":17,"minecraft:glass_pane":1,"minecraft:lily_of_the_valley":8,"minecraft:crafting_table":2,"minecraft:cornflower":2,"botania:yellow_double_flower":1,"minecraft:melon":18,"minecraft:chest":2,"minecraft:rose_bush":1,"minecraft:dead_bush":1,"minecraft:campfire":1,"minecraft:copper_ore":11,"botania:blue_mystical_flower":13,"biomesoplenty:sprout":19,"minecraft:oak_planks":1,"botania:black_mystical_flower":7,"minecraft:diorite":19,"minecraft:purple_bed":3,"minecraft:seagrass":1,"botania:pink_mystical_flower":14,"botania:cyan_mystical_flower":24,"botania:red_double_flower":2,"biomesoplenty:blue_hydrangea":1,"minecraft:sweet_berry_bush":49,"biomesoplenty:pink_daffodil":13,"biomesoplenty:maple_leaves":11,"botania:yellow_mystical_flower":17,"minecraft:grass":47,"biomesoplenty:clover":1,"botania:white_mystical_flower":7,"minecraft:coal_ore":4,"minecraft:oak_log":5,"minecraft:dirt":1,"botania:gray_mystical_flower":13,"minecraft:smooth_basalt":30,"botania:magenta_double_flower":7,"minecraft:oak_leaves":13,"biomesoplenty:reed":1,"minecraft:fern":20},"minecraft:crafted":{"minecraft:oak_planks":20,"minecraft:oak_sign":3,"minecraft:iron_nugget":9,"irons_spellbooks:iron_spell_book":1,"minecraft:chain":3,"minecraft:cooked_chicken":1,"irons_spellbooks:graybeard_staff":1,"minecraft:stone_pickaxe":1,"minecraft:chest":3,"minecraft:wooden_shovel":1,"irons_spellbooks:copper_spell_book":1,"minecraft:crafting_table":2,"minecraft:wooden_pickaxe":1,"minecraft:air":0,"minecraft:jungle_planks":40,"minecraft:oak_boat":1,"minecraft:oak_chest_boat":1,"minecraft:stick":16,"minecraft:iron_ingot":6,"irons_spellbooks:magic_cloth":2,"irons_spellbooks:diamond_spell_book":1}},"DataVersion":3465}