{"stats":{"minecraft:killed_by":{"minecraft:player":1},"minecraft:killed":{"minecraft:skeleton":2,"minecraft:chicken":1,"minecraft:sheep":3,"minecraft:zombie":3,"alexsmobs:fly":1,"minecraft:drowned":1,"minecraft:hoglin":8,"minecraft:wither_skeleton":6},"minecraft:broken":{"minecraft:golden_boots":1,"minecraft:stone_axe":2,"minecraft:golden_chestplate":1},"minecraft:dropped":{"minecraft:cooked_beef":1,"minecraft:cooked_porkchop":4,"minecraft:pitcher_pod":2,"minecraft:dirt":4,"botania:white_petal":16,"minecraft:white_wool":2,"biomesoplenty:toadstool":2,"alexsmobs:animal_dictionary":2,"minecraft:rotten_flesh":4,"botania:purple_mystical_flower":1,"irons_spellbooks:inscription_table":1,"minecraft:salmon":6,"patchouli:guide_book":5,"minecraft:beetroot_seeds":2,"minecraft:melon_seeds":1,"minecraft:acacia_sapling":6,"alexsmobs:banana":4,"minecraft:iron_ingot":2,"minecraft:bread":125,"minecraft:wheat_seeds":4,"biomesoplenty:maple_sapling":1,"minecraft:cobblestone":27,"minecraft:copper_ingot":2,"biomesoplenty:magic_boat":4,"minecraft:acacia_log":2,"irons_spellbooks:scroll":1,"minecraft:bucket":1,"minecraft:kelp":80,"minecraft:sweet_berries":10,"alexsmobs:acacia_blossom":1,"minecraft:cocoa_beans":7,"minecraft:chicken":1,"minecraft:torchflower_seeds":5,"botania:lexicon":2,"minecraft:allium":2,"minecraft:spruce_planks":20,"knightquest:small_essence":1},"minecraft:picked_up":{"irons_spellbooks:scroll":4,"minecraft:wheat":5,"minecraft:lead":1,"minecraft:diamond_sword":1,"minecraft:oak_stairs":1,"botania:light_blue_double_flower":2,"biomesoplenty:magic_boat":5,"irons_spellbooks:graybeard_staff":1,"botania:light_gray_double_flower":2,"irons_spellbooks:arcane_essence":8,"alexsmobs:banana":4,"minecraft:spruce_planks":25,"minecraft:rose_bush":66,"minecraft:melon_slice":46,"irons_spellbooks:inscription_table":2,"minecraft:stick":30,"botania:lexicon":2,"botania:cyan_double_flower":2,"minecraft:acacia_log":2,"botania:yellow_mystical_flower":12,"minecraft:porkchop":42,"tombstone:grave_dust":3,"botania:white_mystical_flower":21,"minecraft:orange_bed":4,"minecraft:rotten_flesh":14,"botania:light_gray_mystical_flower":12,"biomesoplenty:mahogany_sapling":21,"botania:livingwood_log":24,"botania:blue_double_flower":1,"minecraft:stripped_birch_wood":1,"minecraft:cod":16,"biomesoplenty:orange_cosmos":3,"alexsmobs:flying_fish":2,"minecraft:cobblestone":33,"biomesoplenty:lavender":1,"minecraft:feather":1,"minecraft:cooked_beef":9,"minecraft:jungle_log":90,"minecraft:dirt":12,"irons_spellbooks:hogskin":12,"minecraft:bone":14,"botania:cyan_mystical_flower":27,"minecraft:wheat_seeds":31,"botania:purple_mystical_flower":26,"minecraft:oak_planks":5,"minecraft:pitcher_pod":2,"botania:gray_mystical_flower":20,"biomesoplenty:toadstool":6,"botania:red_mystical_flower":20,"minecraft:cooked_porkchop":12,"patchouli:guide_book":5,"botania:yellow_double_flower":2,"botania:pink_double_flower":2,"minecraft:jungle_planks":8,"minecraft:ink_sac":6,"minecraft:lily_of_the_valley":21,"minecraft:dark_oak_log":31,"alexsmobs:animal_dictionary":2,"biomesoplenty:glowflower":1,"minecraft:jungle_leaves":2,"minecraft:yellow_carpet":1,"minecraft:diamond":1,"irons_spellbooks:divine_pearl":6,"knightquest:small_essence":6,"minecraft:bread":10,"alexsmobs:maggot":2,"biomesoplenty:pink_daffodil":1,"minecraft:oak_sapling":2,"minecraft:oak_leaves":12,"minecraft:end_stone_bricks":2,"minecraft:cocoa_beans":133,"minecraft:crafting_table":5,"minecraft:allium":2,"minecraft:chicken":1,"minecraft:azure_bluet":12,"botania:brown_double_flower":1,"botania:magenta_mystical_flower":37,"botania:pure_daisy":2,"minecraft:jungle_sapling":5,"minecraft:poppy":27,"minecraft:lectern":1,"minecraft:sugar_cane":6,"minecraft:chest":1,"minecraft:dark_oak_sapling":5,"minecraft:raw_iron":6,"ribbits:giant_lilypad":27,"botania:lime_double_flower":3,"alexsmobs:leafcutter_ant_pupa":1,"minecraft:dark_oak_planks":5,"biomesoplenty:blue_hydrangea":4,"botania:lime_mystical_flower":34,"minecraft:beetroot_seeds":2,"botania:apothecary_default":1,"minecraft:hay_block":62,"botania:blue_mystical_flower":16,"minecraft:oak_chest_boat":1,"botania:green_mystical_flower":2,"minecraft:mutton":5,"botania:magenta_double_flower":4,"minecraft:white_wool":6,"minecraft:bone_block":1,"minecraft:golden_carrot":5,"minecraft:leather":9,"alexsmobs:acacia_blossom":1,"minecraft:red_mushroom":1,"minecraft:filled_map":1,"alexsmobs:cachalot_whale_tooth":1,"minecraft:oak_log":3,"minecraft:lily_pad":2,"tombstone:gift":1,"botania:light_blue_mystical_flower":14,"botania:black_mystical_flower":15,"irons_spellbooks:common_ink":4,"minecraft:apple":3,"minecraft:kelp":66,"biomesoplenty:magic_log":1,"minecraft:acacia_sapling":7,"minecraft:sweet_berries":75,"minecraft:torchflower_seeds":5,"minecraft:dandelion":14,"botania:white_petal":12,"minecraft:spider_eye":2,"biomesoplenty:mahogany_log":120,"biomesoplenty:maple_sapling":2,"botania:orange_mystical_flower":12,"minecraft:gray_wool":1,"minecraft:baked_potato":2,"tombstone:magic_scroll":1,"minecraft:acacia_slab":2,"minecraft:coal":6,"botania:brown_mystical_flower":24,"minecraft:sunflower":15},"minecraft:used":{"minecraft:chest":2,"biomesoplenty:dead_sign":1,"minecraft:rotten_flesh":2,"minecraft:acacia_sapling":1,"minecraft:jungle_sapling":5,"biomesoplenty:mahogany_sapling":5,"minecraft:sweet_berries":67,"minecraft:oak_chest_boat":1,"minecraft:dark_oak_sapling":4,"minecraft:jungle_fence":1,"minecraft:wooden_pickaxe":5,"biomesoplenty:magic_boat":1,"biomesoplenty:lavender":1,"minecraft:sugar_cane":6,"biomesoplenty:glowflower":1,"minecraft:oak_leaves":1,"biomesoplenty:magic_planks":4,"minecraft:melon_slice":7,"minecraft:bread":75,"minecraft:lectern":1,"minecraft:diamond_sword":103,"botania:pure_daisy":1,"minecraft:oak_boat":1,"minecraft:jungle_leaves":2,"minecraft:stone_sword":41,"minecraft:dried_kelp":12,"minecraft:spruce_planks":1,"botania:green_mystical_flower":1,"minecraft:cooked_chicken":1,"minecraft:orange_bed":4,"minecraft:dirt":8,"minecraft:yellow_carpet":1,"biomesoplenty:maple_sapling":1,"minecraft:dark_oak_planks":1,"tombstone:gift":5,"biomesoplenty:blue_hydrangea":4,"minecraft:cooked_beef":9,"minecraft:wheat_seeds":19,"minecraft:cooked_mutton":5,"minecraft:baked_potato":3,"biomesoplenty:mahogany_log":30,"minecraft:crafting_table":5,"minecraft:red_mushroom":1,"botania:apothecary_default":1,"alexsmobs:leafcutter_ant_pupa":1,"tombstone:bag_of_seeds":1,"minecraft:wooden_hoe":19,"minecraft:apple":3,"biomesoplenty:pink_daffodil":1,"minecraft:stone_axe":339,"minecraft:potion":2,"minecraft:cooked_porkchop":9,"minecraft:bucket":1,"alexsmobs:animal_dictionary":21},"minecraft:custom":{"minecraft:interact_with_crafting_table":34,"minecraft:open_barrel":16,"minecraft:bell_ring":2,"minecraft:leave_game":9,"minecraft:time_since_death":3701,"minecraft:sprint_one_cm":744060,"minecraft:drop":84,"minecraft:talked_to_villager":3,"minecraft:play_time":349176,"minecraft:deaths":11,"minecraft:jump":4833,"minecraft:walk_on_water_one_cm":63284,"minecraft:interact_with_furnace":43,"minecraft:sleep_in_bed":10,"minecraft:damage_dealt":7432,"minecraft:player_kills":1,"minecraft:crouch_one_cm":4823,"tombstone:undead_killed":12,"minecraft:interact_with_smoker":1,"minecraft:mob_kills":27,"minecraft:damage_dealt_resisted":3,"minecraft:climb_one_cm":21362,"minecraft:walk_one_cm":1245999,"minecraft:damage_dealt_absorbed":5,"minecraft:sneak_time":2967,"minecraft:walk_under_water_one_cm":112108,"minecraft:boat_one_cm":309115,"minecraft:total_world_time":349176,"minecraft:pot_flower":3,"minecraft:time_since_rest":1496,"minecraft:damage_taken":10390,"tombstone:cast_on_ally":1,"minecraft:swim_one_cm":375500,"minecraft:fly_one_cm":832688,"minecraft:open_chest":161,"minecraft:fall_one_cm":116302},"minecraft:mined":{"minecraft:dark_oak_planks":5,"biomesoplenty:spanish_moss":2,"minecraft:spruce_planks":2,"botania:red_mystical_flower":17,"minecraft:jungle_leaves":114,"botania:pink_double_flower":1,"botania:livingwood_log":24,"minecraft:grass_block":1,"minecraft:yellow_carpet":1,"minecraft:jungle_log":91,"botania:light_gray_mystical_flower":6,"minecraft:tall_seagrass":1,"botania:apothecary_default":1,"botania:purple_mystical_flower":2,"biomesoplenty:tall_lavender":1,"biomesoplenty:orange_cosmos":3,"biomesoplenty:lavender":1,"botania:lime_double_flower":1,"minecraft:azure_bluet":4,"biomesoplenty:glowflower":1,"minecraft:oak_stairs":1,"botania:brown_mystical_flower":8,"minecraft:end_stone_bricks":2,"botania:light_blue_mystical_flower":6,"minecraft:orange_bed":4,"botania:green_mystical_flower":3,"botania:orange_mystical_flower":6,"minecraft:powder_snow":9,"minecraft:poppy":9,"minecraft:melon":10,"minecraft:mushroom_stem":1,"botania:blue_mystical_flower":8,"minecraft:oak_planks":6,"minecraft:sugar_cane":3,"botania:light_gray_double_flower":1,"botania:black_mystical_flower":11,"minecraft:wheat":7,"biomesoplenty:maple_sapling":1,"minecraft:grass":31,"minecraft:oak_log":3,"minecraft:dirt":8,"minecraft:stripped_birch_wood":1,"minecraft:smooth_basalt":1,"minecraft:red_mushroom_block":1,"minecraft:oak_leaves":31,"botania:magenta_double_flower":2,"alexsmobs:skunk_spray":1,"minecraft:dark_oak_log":31,"minecraft:allium":2,"botania:brown_double_flower":1,"botania:cyan_double_flower":1,"minecraft:spruce_leaves":1,"minecraft:acacia_slab":1,"minecraft:large_fern":2,"minecraft:hay_block":37,"botania:magenta_mystical_flower":16,"minecraft:jungle_sapling":1,"biomesoplenty:toadstool":2,"biomesoplenty:magic_log":1,"biomesoplenty:high_grass":1,"botania:pure_daisy":1,"irons_spellbooks:inscription_table":1,"botania:light_blue_double_flower":1,"botania:lime_mystical_flower":10,"minecraft:lily_of_the_valley":7,"minecraft:dandelion":4,"minecraft:crafting_table":4,"botania:yellow_double_flower":1,"minecraft:rose_bush":24,"minecraft:lectern":1,"minecraft:tall_grass":1,"biomesoplenty:sprout":44,"botania:pink_mystical_flower":5,"botania:cyan_mystical_flower":8,"minecraft:purple_bed":1,"biomesoplenty:blue_hydrangea":5,"biomesoplenty:mahogany_log":121,"minecraft:sweet_berry_bush":6,"minecraft:ice":17,"botania:white_mystical_flower":4,"botania:yellow_mystical_flower":3,"minecraft:cocoa":5,"minecraft:sunflower":6,"botania:gray_mystical_flower":5,"minecraft:fern":34},"minecraft:crafted":{"minecraft:oak_planks":12,"minecraft:cooked_chicken":1,"minecraft:cooked_mutton":5,"botania:twig_wand":1,"minecraft:melon_seeds":2,"minecraft:chest":1,"minecraft:cooked_porkchop":1,"minecraft:crafting_table":1,"minecraft:wooden_pickaxe":1,"minecraft:baked_potato":1,"minecraft:copper_ingot":2,"botania:livingwood_twig":3,"minecraft:wooden_hoe":2,"minecraft:book":1,"minecraft:stick":4,"minecraft:iron_ingot":7,"botania:apothecary_default":1,"biomesoplenty:mahogany_planks":4,"botania:white_petal":4,"botania:flower_bag":1,"biomesoplenty:magic_planks":4,"minecraft:jungle_fence":3,"minecraft:wheat":558,"minecraft:cooked_beef":1,"botania:pink_petal":4,"botania:lexicon":1,"minecraft:bucket":1,"minecraft:stone_axe":2,"minecraft:bread":186,"minecraft:air":0,"minecraft:jungle_planks":8,"minecraft:oak_boat":1,"minecraft:white_wool":1,"minecraft:white_dye":1}},"DataVersion":3465}