{"stats":{"minecraft:broken":{"minecraft:golden_boots":1,"minecraft:stone_axe":2,"minecraft:golden_chestplate":1,"minecraft:chainmail_leggings":1},"minecraft:dropped":{"minecraft:cooked_beef":1,"minecraft:diamond":2,"minecraft:cooked_porkchop":4,"minecraft:pitcher_pod":2,"minecraft:dirt":4,"minecraft:cooked_cod":1,"irons_spellbooks:arcane_essence":1,"botania:white_petal":16,"minecraft:white_wool":35,"biomesoplenty:toadstool":2,"alexsmobs:animal_dictionary":2,"minecraft:black_terracotta":1,"minecraft:rotten_flesh":10,"botania:purple_mystical_flower":1,"irons_spellbooks:inscription_table":1,"minecraft:salmon":6,"patchouli:guide_book":5,"minecraft:gunpowder":1,"minecraft:beetroot_seeds":2,"minecraft:melon_seeds":1,"minecraft:chest":2,"minecraft:acacia_sapling":6,"alexsmobs:banana":4,"minecraft:iron_ingot":2,"minecraft:bread":125,"minecraft:wheat_seeds":4,"minecraft:mossy_cobblestone":1,"biomesoplenty:maple_sapling":1,"minecraft:cobblestone":28,"minecraft:copper_ingot":2,"biomesoplenty:magic_boat":4,"minecraft:acacia_log":2,"minecraft:yellow_carpet":2,"irons_spellbooks:scroll":2,"minecraft:potion":1,"minecraft:string":2,"minecraft:bucket":1,"minecraft:kelp":80,"minecraft:sweet_berries":10,"alexsmobs:acacia_blossom":1,"minecraft:stone_sword":2,"minecraft:cocoa_beans":7,"irons_spellbooks:graybeard_staff":2,"minecraft:chicken":1,"minecraft:torchflower_seeds":5,"minecraft:filled_map":3,"minecraft:diamond_sword":3,"botania:lexicon":2,"minecraft:allium":2,"minecraft:spruce_planks":21,"knightquest:small_essence":17},"minecraft:killed":{"minecraft:spider":4,"minecraft:skeleton":17,"minecraft:chicken":1,"minecraft:silverfish":3,"minecraft:creeper":1,"minecraft:sheep":3,"minecraft:zombie":16,"alexsmobs:fly":1,"irons_spellbooks:summoned_zombie":1,"minecraft:phantom":1,"minecraft:drowned":2,"minecraft:hoglin":18,"minecraft:wither_skeleton":18},"minecraft:picked_up":{"irons_spellbooks:scroll":4,"minecraft:iron_chestplate":2,"minecraft:wheat":14,"minecraft:lead":2,"minecraft:diamond_sword":4,"minecraft:oak_stairs":1,"botania:light_blue_double_flower":2,"biomesoplenty:magic_boat":6,"minecraft:string":4,"irons_spellbooks:graybeard_staff":3,"minecraft:shroomlight":3,"botania:light_gray_double_flower":2,"irons_spellbooks:arcane_essence":9,"alexsmobs:banana":4,"minecraft:spruce_planks":31,"minecraft:rose_bush":66,"minecraft:melon_slice":46,"irons_spellbooks:inscription_table":2,"alexsmobs:leafcutter_ant_chamber":21,"botania:lexicon":3,"minecraft:stick":30,"botania:cyan_double_flower":2,"minecraft:acacia_log":2,"botania:yellow_mystical_flower":18,"minecraft:spruce_stairs":2,"minecraft:porkchop":109,"tombstone:grave_dust":3,"botania:white_mystical_flower":21,"minecraft:orange_bed":4,"minecraft:stone_sword":2,"minecraft:rotten_flesh":30,"botania:light_gray_mystical_flower":18,"biomesoplenty:mahogany_sapling":21,"botania:livingwood_log":24,"botania:blue_double_flower":1,"minecraft:stripped_birch_wood":1,"minecraft:cod":16,"biomesoplenty:orange_cosmos":3,"alexsmobs:flying_fish":2,"minecraft:cobblestone":35,"biomesoplenty:lavender":1,"minecraft:feather":9,"minecraft:cooked_beef":9,"minecraft:jungle_log":90,"minecraft:dirt":13,"irons_spellbooks:hogskin":36,"minecraft:bone":61,"botania:cyan_mystical_flower":27,"minecraft:wheat_seeds":57,"botania:purple_mystical_flower":26,"botania:gray_mystical_flower":20,"minecraft:pitcher_pod":2,"minecraft:oak_planks":8,"biomesoplenty:toadstool":6,"botania:red_mystical_flower":20,"minecraft:black_terracotta":2,"minecraft:cooked_porkchop":40,"patchouli:guide_book":5,"botania:yellow_double_flower":2,"botania:pink_double_flower":2,"minecraft:sand":43,"minecraft:jungle_planks":8,"minecraft:ink_sac":6,"minecraft:lily_of_the_valley":21,"minecraft:dark_oak_log":31,"minecraft:mossy_cobblestone":1,"alexsmobs:animal_dictionary":3,"biomesoplenty:glowflower":1,"minecraft:jungle_leaves":2,"cataclysm:lionfish":1,"minecraft:bundle":1,"minecraft:yellow_carpet":3,"minecraft:diamond":2,"irons_spellbooks:divine_pearl":6,"knightquest:small_essence":25,"minecraft:golden_apple":1,"minecraft:bread":10,"alexsmobs:maggot":5,"biomesoplenty:pink_daffodil":1,"minecraft:oak_sapling":2,"minecraft:oak_leaves":12,"minecraft:end_stone_bricks":2,"minecraft:cocoa_beans":133,"minecraft:crafting_table":5,"minecraft:allium":2,"minecraft:azure_bluet":12,"botania:brown_double_flower":1,"minecraft:chicken":1,"minecraft:ladder":1,"botania:magenta_mystical_flower":37,"botania:pure_daisy":2,"minecraft:jungle_sapling":5,"minecraft:player_head":3,"minecraft:poppy":27,"minecraft:lectern":2,"minecraft:sugar_cane":19,"minecraft:chest":4,"minecraft:dark_oak_sapling":5,"minecraft:raw_iron":6,"ribbits:giant_lilypad":27,"botania:lime_double_flower":3,"minecraft:carrot":7,"alexsmobs:leafcutter_ant_pupa":1,"minecraft:dark_oak_planks":5,"biomesoplenty:blue_hydrangea":4,"minecraft:arrow":14,"botania:lime_mystical_flower":35,"minecraft:beetroot_seeds":2,"botania:apothecary_default":1,"minecraft:diamond_boots":1,"minecraft:hay_block":69,"botania:blue_mystical_flower":16,"minecraft:oak_chest_boat":1,"tombstone:essence_of_undeath":1,"botania:green_mystical_flower":10,"minecraft:mutton":5,"botania:magenta_double_flower":4,"minecraft:skeleton_skull":1,"minecraft:white_wool":69,"minecraft:bone_block":1,"minecraft:golden_carrot":5,"minecraft:leather":22,"alexsmobs:acacia_blossom":1,"minecraft:red_mushroom":1,"minecraft:filled_map":4,"alexsmobs:cachalot_whale_tooth":1,"minecraft:oak_log":6,"minecraft:lily_pad":2,"minecraft:gunpowder":2,"tombstone:gift":1,"botania:light_blue_mystical_flower":14,"botania:black_mystical_flower":15,"irons_spellbooks:common_ink":4,"minecraft:apple":3,"minecraft:kelp":66,"tombstone:bag_of_seeds":1,"biomesoplenty:magic_log":1,"minecraft:acacia_sapling":7,"minecraft:dark_oak_stairs":4,"minecraft:book":27,"minecraft:smooth_basalt":1,"biomesoplenty:waterlily":1,"minecraft:sweet_berries":75,"minecraft:dandelion":14,"minecraft:torchflower_seeds":5,"botania:white_petal":12,"minecraft:spider_eye":3,"biomesoplenty:mahogany_log":120,"biomesoplenty:maple_sapling":2,"minecraft:chainmail_leggings":1,"botania:orange_mystical_flower":12,"minecraft:gray_wool":1,"minecraft:baked_potato":2,"tombstone:magic_scroll":2,"minecraft:acacia_slab":2,"minecraft:coal":13,"botania:brown_mystical_flower":24,"minecraft:sunflower":15},"minecraft:mined":{"minecraft:dark_oak_planks":5,"biomesoplenty:spanish_moss":2,"minecraft:spruce_planks":5,"botania:red_mystical_flower":17,"minecraft:jungle_leaves":115,"botania:pink_double_flower":1,"botania:livingwood_log":24,"minecraft:grass_block":1,"minecraft:yellow_carpet":1,"minecraft:jungle_log":91,"botania:light_gray_mystical_flower":12,"minecraft:tall_seagrass":1,"botania:apothecary_default":1,"botania:purple_mystical_flower":2,"biomesoplenty:tall_lavender":1,"biomesoplenty:orange_cosmos":3,"biomesoplenty:lavender":1,"botania:lime_double_flower":1,"minecraft:azure_bluet":4,"minecraft:dark_oak_stairs":2,"biomesoplenty:glowflower":1,"minecraft:oak_stairs":1,"minecraft:quartz_slab":12,"botania:brown_mystical_flower":8,"minecraft:end_stone_bricks":2,"botania:light_blue_mystical_flower":6,"minecraft:player_head":2,"minecraft:orange_bed":4,"botania:green_mystical_flower":11,"botania:orange_mystical_flower":6,"minecraft:powder_snow":9,"minecraft:poppy":9,"minecraft:melon":10,"minecraft:chest":1,"minecraft:mushroom_stem":1,"botania:blue_mystical_flower":8,"minecraft:sugar_cane":10,"minecraft:oak_planks":6,"botania:light_gray_double_flower":1,"botania:black_mystical_flower":11,"minecraft:skeleton_skull":1,"minecraft:wheat":16,"biomesoplenty:maple_sapling":1,"biomesoplenty:waterlily":1,"minecraft:grass":34,"minecraft:oak_log":7,"minecraft:sand":40,"minecraft:dirt":8,"minecraft:stripped_birch_wood":1,"minecraft:smooth_basalt":2,"minecraft:red_mushroom_block":1,"minecraft:oak_leaves":31,"botania:magenta_double_flower":2,"alexsmobs:skunk_spray":1,"minecraft:dark_oak_log":31,"minecraft:allium":2,"botania:brown_double_flower":1,"botania:cyan_double_flower":1,"minecraft:spruce_leaves":1,"minecraft:acacia_slab":1,"minecraft:large_fern":2,"minecraft:hay_block":44,"botania:magenta_mystical_flower":16,"minecraft:jungle_sapling":1,"biomesoplenty:toadstool":2,"biomesoplenty:magic_log":1,"biomesoplenty:sea_oats":4,"minecraft:bookshelf":9,"biomesoplenty:high_grass":2,"minecraft:shroomlight":3,"botania:pure_daisy":1,"irons_spellbooks:inscription_table":1,"botania:light_blue_double_flower":1,"minecraft:bone_block":4,"minecraft:white_wool":35,"botania:lime_mystical_flower":11,"minecraft:lily_of_the_valley":7,"minecraft:dandelion":4,"minecraft:crafting_table":4,"botania:yellow_double_flower":1,"minecraft:rose_bush":24,"minecraft:lectern":2,"biomesoplenty:high_grass_plant":3,"minecraft:tall_grass":1,"biomesoplenty:sprout":44,"botania:pink_mystical_flower":5,"minecraft:spruce_stairs":2,"botania:cyan_mystical_flower":8,"minecraft:purple_bed":1,"biomesoplenty:blue_hydrangea":5,"biomesoplenty:mahogany_log":121,"minecraft:sweet_berry_bush":6,"minecraft:ice":17,"botania:white_mystical_flower":4,"botania:yellow_mystical_flower":10,"minecraft:cocoa":5,"minecraft:sunflower":6,"botania:gray_mystical_flower":5,"minecraft:fern":35},"minecraft:crafted":{"minecraft:oak_planks":12,"minecraft:cooked_chicken":1,"minecraft:cooked_mutton":5,"botania:twig_wand":1,"minecraft:melon_seeds":2,"minecraft:chest":3,"minecraft:cooked_porkchop":42,"minecraft:crafting_table":1,"minecraft:wooden_pickaxe":1,"minecraft:baked_potato":1,"minecraft:copper_ingot":2,"botania:livingwood_twig":3,"minecraft:book":1,"minecraft:wooden_hoe":2,"minecraft:stick":4,"minecraft:iron_ingot":7,"botania:apothecary_default":1,"biomesoplenty:mahogany_planks":4,"botania:white_petal":4,"botania:flower_bag":1,"biomesoplenty:magic_planks":4,"minecraft:jungle_fence":3,"minecraft:wheat":621,"minecraft:cooked_beef":1,"botania:pink_petal":4,"botania:lexicon":1,"minecraft:bucket":1,"minecraft:stone_axe":2,"minecraft:bread":189,"minecraft:air":0,"minecraft:jungle_planks":112,"minecraft:oak_boat":1,"minecraft:white_wool":1,"minecraft:white_dye":1},"minecraft:killed_by":{"minecraft:player":2},"minecraft:custom":{"minecraft:interact_with_crafting_table":43,"minecraft:open_barrel":32,"minecraft:bell_ring":2,"minecraft:leave_game":10,"minecraft:time_since_death":20646,"minecraft:sprint_one_cm":1030348,"minecraft:drop":125,"minecraft:talked_to_villager":3,"minecraft:play_time":477826,"minecraft:deaths":18,"minecraft:jump":6488,"minecraft:walk_on_water_one_cm":93457,"minecraft:interact_with_furnace":51,"minecraft:sleep_in_bed":13,"minecraft:damage_dealt":21546,"minecraft:player_kills":1,"minecraft:crouch_one_cm":10905,"tombstone:undead_killed":55,"minecraft:interact_with_smoker":1,"minecraft:mob_kills":90,"minecraft:damage_dealt_resisted":3,"minecraft:climb_one_cm":36138,"minecraft:walk_one_cm":1669770,"minecraft:damage_dealt_absorbed":5,"minecraft:sneak_time":5916,"minecraft:walk_under_water_one_cm":146959,"minecraft:boat_one_cm":309115,"minecraft:total_world_time":477826,"tombstone:raider_killed":1,"minecraft:pot_flower":3,"minecraft:time_since_rest":18247,"minecraft:damage_taken":17397,"minecraft:damage_absorbed":40,"tombstone:cast_on_ally":1,"minecraft:swim_one_cm":470360,"minecraft:fly_one_cm":1113159,"minecraft:open_chest":251,"minecraft:fall_one_cm":165131},"minecraft:used":{"minecraft:ladder":1,"minecraft:chest":4,"biomesoplenty:dead_sign":1,"minecraft:player_head":1,"minecraft:rotten_flesh":2,"minecraft:jungle_planks":96,"minecraft:carrot":11,"minecraft:acacia_sapling":1,"minecraft:jungle_sapling":5,"biomesoplenty:mahogany_sapling":5,"minecraft:sweet_berries":67,"minecraft:cooked_cod":6,"minecraft:skeleton_skull":1,"minecraft:oak_chest_boat":1,"minecraft:dark_oak_sapling":4,"minecraft:dark_oak_stairs":1,"minecraft:diamond_boots":1,"minecraft:oak_planks":3,"minecraft:jungle_fence":1,"minecraft:wooden_pickaxe":22,"biomesoplenty:magic_boat":2,"biomesoplenty:lavender":1,"biomesoplenty:glowflower":1,"minecraft:sugar_cane":6,"minecraft:oak_leaves":1,"minecraft:golden_apple":1,"minecraft:sand":43,"biomesoplenty:magic_planks":4,"minecraft:melon_slice":7,"minecraft:bread":78,"minecraft:lectern":2,"tombstone:grave_key":1,"minecraft:diamond_sword":406,"botania:pure_daisy":1,"minecraft:oak_boat":1,"minecraft:jungle_leaves":2,"minecraft:stone_sword":47,"minecraft:dried_kelp":12,"minecraft:spruce_planks":1,"botania:green_mystical_flower":1,"minecraft:cooked_chicken":1,"minecraft:orange_bed":4,"minecraft:dirt":8,"minecraft:yellow_carpet":1,"biomesoplenty:maple_sapling":1,"minecraft:shroomlight":3,"minecraft:dark_oak_planks":1,"minecraft:goat_horn":10,"tombstone:gift":5,"biomesoplenty:blue_hydrangea":4,"minecraft:cooked_beef":9,"minecraft:wheat_seeds":32,"minecraft:cooked_mutton":5,"minecraft:baked_potato":3,"biomesoplenty:mahogany_log":30,"minecraft:crafting_table":5,"minecraft:red_mushroom":1,"botania:apothecary_default":1,"alexsmobs:leafcutter_ant_pupa":1,"tombstone:bag_of_seeds":3,"minecraft:wooden_hoe":19,"minecraft:apple":3,"biomesoplenty:pink_daffodil":1,"minecraft:stone_axe":339,"minecraft:potion":3,"minecraft:porkchop":5,"minecraft:cooked_porkchop":71,"minecraft:bucket":1,"alexsmobs:animal_dictionary":21,"minecraft:splash_potion":2,"minecraft:chainmail_leggings":1}},"DataVersion":3465}