{"stats":{"minecraft:dropped":{"biomesoplenty:toadstool":2,"minecraft:kelp":80,"minecraft:sweet_berries":10,"minecraft:wheat_seeds":2,"minecraft:cooked_beef":1,"alexsmobs:animal_dictionary":1,"biomesoplenty:maple_sapling":1,"minecraft:rotten_flesh":3,"botania:purple_mystical_flower":1,"minecraft:salmon":6,"patchouli:guide_book":2,"minecraft:dirt":4,"minecraft:allium":2},"minecraft:mined":{"alexsmobs:skunk_spray":1,"botania:lime_mystical_flower":6,"botania:orange_mystical_flower":3,"botania:red_mystical_flower":10,"minecraft:lily_of_the_valley":7,"botania:pink_double_flower":1,"minecraft:dandelion":4,"minecraft:powder_snow":9,"botania:yellow_double_flower":1,"minecraft:allium":2,"minecraft:poppy":9,"botania:brown_double_flower":1,"minecraft:rose_bush":24,"botania:cyan_double_flower":1,"minecraft:lectern":1,"botania:blue_mystical_flower":3,"minecraft:spruce_leaves":1,"biomesoplenty:sprout":32,"botania:light_gray_double_flower":1,"botania:light_gray_mystical_flower":6,"botania:black_mystical_flower":8,"botania:pink_mystical_flower":1,"botania:cyan_mystical_flower":8,"botania:purple_mystical_flower":2,"botania:magenta_mystical_flower":14,"biomesoplenty:blue_hydrangea":5,"biomesoplenty:toadstool":2,"minecraft:sweet_berry_bush":6,"minecraft:ice":17,"biomesoplenty:maple_sapling":1,"botania:lime_double_flower":1,"minecraft:azure_bluet":4,"minecraft:grass":17,"botania:white_mystical_flower":3,"botania:yellow_mystical_flower":3,"biomesoplenty:glowflower":1,"minecraft:sunflower":6,"minecraft:dirt":6,"botania:gray_mystical_flower":5,"botania:brown_mystical_flower":8,"botania:light_blue_double_flower":1,"botania:light_blue_mystical_flower":6,"botania:magenta_double_flower":2,"minecraft:fern":3},"minecraft:custom":{"minecraft:interact_with_furnace":13,"minecraft:interact_with_crafting_table":2,"minecraft:open_barrel":16,"minecraft:bell_ring":2,"minecraft:leave_game":2,"minecraft:time_since_death":85402,"minecraft:climb_one_cm":14896,"minecraft:time_since_rest":85402,"minecraft:sprint_one_cm":267137,"minecraft:damage_taken":1395,"minecraft:walk_one_cm":353894,"minecraft:drop":24,"minecraft:damage_dealt":82,"minecraft:swim_one_cm":36224,"minecraft:talked_to_villager":1,"minecraft:fly_one_cm":250291,"minecraft:open_chest":15,"minecraft:crouch_one_cm":1086,"minecraft:play_time":85402,"minecraft:sneak_time":339,"minecraft:walk_under_water_one_cm":9738,"minecraft:jump":1380,"minecraft:walk_on_water_one_cm":8508,"minecraft:interact_with_smoker":1,"minecraft:total_world_time":85402,"minecraft:fall_one_cm":38257},"minecraft:picked_up":{"minecraft:allium":2,"minecraft:azure_bluet":4,"minecraft:cooked_beef":6,"botania:brown_double_flower":1,"botania:light_blue_double_flower":1,"botania:black_mystical_flower":7,"minecraft:dirt":6,"botania:light_blue_mystical_flower":7,"botania:magenta_mystical_flower":18,"minecraft:apple":2,"botania:cyan_mystical_flower":9,"botania:light_gray_double_flower":1,"minecraft:kelp":64,"minecraft:wheat_seeds":4,"botania:purple_mystical_flower":1,"minecraft:rose_bush":22,"minecraft:poppy":9,"minecraft:lectern":1,"botania:gray_mystical_flower":10,"biomesoplenty:toadstool":4,"botania:red_mystical_flower":10,"minecraft:cooked_porkchop":2,"minecraft:sweet_berries":75,"patchouli:guide_book":2,"botania:yellow_double_flower":1,"minecraft:dandelion":4,"botania:pink_double_flower":1,"botania:yellow_mystical_flower":3,"botania:lime_double_flower":1,"minecraft:lily_of_the_valley":7,"alexsmobs:animal_dictionary":1,"biomesoplenty:glowflower":1,"botania:white_mystical_flower":7,"biomesoplenty:maple_sapling":2,"biomesoplenty:blue_hydrangea":4,"minecraft:rotten_flesh":5,"botania:lime_mystical_flower":6,"botania:light_gray_mystical_flower":6,"botania:orange_mystical_flower":3,"botania:blue_mystical_flower":3,"biomesoplenty:pink_daffodil":1,"botania:blue_double_flower":1,"botania:green_mystical_flower":1,"botania:magenta_double_flower":2,"botania:brown_mystical_flower":12,"minecraft:sunflower":5},"minecraft:crafted":{"minecraft:cooked_beef":1,"minecraft:baked_potato":1,"minecraft:cooked_chicken":1,"minecraft:air":0},"minecraft:used":{"minecraft:baked_potato":1,"minecraft:dried_kelp":12,"biomesoplenty:glowflower":1,"minecraft:cooked_chicken":1,"minecraft:rotten_flesh":2,"minecraft:dirt":2,"biomesoplenty:maple_sapling":1,"minecraft:apple":2,"biomesoplenty:pink_daffodil":1,"minecraft:lectern":1,"minecraft:potion":1,"minecraft:sweet_berries":67,"minecraft:cooked_porkchop":2,"biomesoplenty:blue_hydrangea":4,"alexsmobs:animal_dictionary":10,"minecraft:cooked_beef":6}},"DataVersion":3465}