{"stats":{"minecraft:dropped":{"minecraft:kelp":80,"minecraft:sweet_berries":10,"minecraft:wheat_seeds":2},"minecraft:mined":{"botania:pink_mystical_flower":1,"botania:lime_mystical_flower":6,"botania:magenta_mystical_flower":14,"botania:orange_mystical_flower":3,"biomesoplenty:toadstool":2,"minecraft:lily_of_the_valley":7,"botania:red_mystical_flower":4,"minecraft:sweet_berry_bush":1,"biomesoplenty:maple_sapling":1,"botania:lime_double_flower":1,"botania:pink_double_flower":1,"minecraft:dandelion":4,"minecraft:azure_bluet":4,"botania:yellow_double_flower":1,"minecraft:grass":17,"botania:white_mystical_flower":3,"botania:yellow_mystical_flower":3,"minecraft:poppy":9,"minecraft:rose_bush":24,"minecraft:sunflower":5,"botania:gray_mystical_flower":3,"botania:light_gray_double_flower":1,"botania:brown_mystical_flower":6,"botania:blue_mystical_flower":3,"biomesoplenty:sprout":31,"botania:light_blue_double_flower":1,"botania:light_blue_mystical_flower":6,"botania:black_mystical_flower":1,"botania:light_gray_mystical_flower":6,"botania:magenta_double_flower":2,"minecraft:fern":1},"minecraft:picked_up":{"biomesoplenty:toadstool":2,"minecraft:cooked_porkchop":2,"botania:red_mystical_flower":4,"minecraft:azure_bluet":4,"minecraft:sweet_berries":36,"botania:yellow_double_flower":1,"botania:pink_double_flower":1,"botania:yellow_mystical_flower":3,"minecraft:dandelion":4,"botania:lime_double_flower":1,"botania:light_blue_double_flower":1,"minecraft:lily_of_the_valley":7,"botania:light_blue_mystical_flower":7,"botania:white_mystical_flower":7,"biomesoplenty:maple_sapling":2,"botania:magenta_mystical_flower":18,"botania:light_gray_double_flower":1,"minecraft:rotten_flesh":2,"botania:lime_mystical_flower":6,"botania:light_gray_mystical_flower":6,"minecraft:kelp":64,"minecraft:wheat_seeds":4,"botania:orange_mystical_flower":3,"botania:blue_mystical_flower":3,"minecraft:rose_bush":22,"minecraft:poppy":9,"botania:blue_double_flower":1,"botania:gray_mystical_flower":8,"botania:magenta_double_flower":2,"botania:brown_mystical_flower":10,"minecraft:sunflower":4},"minecraft:custom":{"minecraft:time_since_rest":45341,"minecraft:interact_with_furnace":5,"minecraft:sprint_one_cm":86978,"minecraft:damage_taken":551,"minecraft:walk_one_cm":210266,"minecraft:drop":7,"minecraft:damage_dealt":10,"minecraft:swim_one_cm":2238,"minecraft:fly_one_cm":65538,"minecraft:open_barrel":15,"minecraft:open_chest":3,"minecraft:crouch_one_cm":586,"minecraft:play_time":45341,"minecraft:sneak_time":195,"minecraft:walk_under_water_one_cm":88,"minecraft:jump":557,"minecraft:leave_game":1,"minecraft:walk_on_water_one_cm":996,"minecraft:time_since_death":45341,"minecraft:total_world_time":45341,"minecraft:climb_one_cm":11829,"minecraft:interact_with_smoker":1,"minecraft:fall_one_cm":11731},"minecraft:crafted":{"minecraft:cooked_chicken":1,"minecraft:air":0},"minecraft:used":{"minecraft:dried_kelp":4,"minecraft:cooked_chicken":1,"minecraft:rotten_flesh":2,"minecraft:sweet_berries":27,"minecraft:cooked_porkchop":2,"biomesoplenty:maple_sapling":1}},"DataVersion":3465}