{"stats":{"minecraft:custom":{"minecraft:mob_kills":6,"minecraft:interact_with_crafting_table":31,"minecraft:open_barrel":16,"minecraft:bell_ring":2,"minecraft:damage_dealt_resisted":3,"minecraft:leave_game":7,"minecraft:time_since_death":3449,"minecraft:climb_one_cm":18526,"minecraft:walk_one_cm":944861,"minecraft:sprint_one_cm":640883,"minecraft:drop":77,"minecraft:damage_dealt_absorbed":5,"minecraft:talked_to_villager":3,"minecraft:play_time":282047,"minecraft:deaths":5,"minecraft:sneak_time":2197,"minecraft:walk_under_water_one_cm":87353,"minecraft:boat_one_cm":309115,"minecraft:jump":3896,"minecraft:walk_on_water_one_cm":54661,"minecraft:total_world_time":282047,"minecraft:interact_with_furnace":40,"minecraft:pot_flower":2,"minecraft:sleep_in_bed":7,"minecraft:time_since_rest":2516,"minecraft:damage_taken":6885,"minecraft:damage_dealt":2478,"minecraft:swim_one_cm":302035,"minecraft:fly_one_cm":681084,"minecraft:open_chest":147,"minecraft:crouch_one_cm":3820,"minecraft:interact_with_smoker":1,"minecraft:fall_one_cm":102637},"minecraft:crafted":{"minecraft:oak_planks":12,"biomesoplenty:mahogany_planks":4,"minecraft:cooked_chicken":1,"minecraft:cooked_mutton":5,"botania:twig_wand":1,"botania:white_petal":4,"minecraft:melon_seeds":2,"botania:flower_bag":1,"minecraft:chest":1,"biomesoplenty:magic_planks":4,"minecraft:wheat":558,"minecraft:cooked_beef":1,"botania:pink_petal":4,"minecraft:cooked_porkchop":1,"minecraft:crafting_table":1,"minecraft:wooden_pickaxe":1,"minecraft:baked_potato":1,"botania:lexicon":1,"minecraft:copper_ingot":2,"minecraft:bucket":1,"botania:livingwood_twig":3,"minecraft:stone_axe":1,"minecraft:bread":186,"minecraft:air":0,"minecraft:oak_boat":1,"minecraft:white_wool":1,"minecraft:book":1,"minecraft:wooden_hoe":2,"minecraft:white_dye":1,"minecraft:stick":4,"minecraft:iron_ingot":7,"botania:apothecary_default":1},"minecraft:mined":{"biomesoplenty:spanish_moss":2,"alexsmobs:skunk_spray":1,"minecraft:spruce_planks":2,"botania:red_mystical_flower":17,"botania:pink_double_flower":1,"minecraft:allium":2,"botania:livingwood_log":24,"minecraft:grass_block":1,"minecraft:yellow_carpet":1,"minecraft:jungle_log":11,"botania:brown_double_flower":1,"botania:cyan_double_flower":1,"minecraft:spruce_leaves":1,"botania:light_gray_mystical_flower":6,"minecraft:hay_block":37,"minecraft:tall_seagrass":1,"botania:apothecary_default":1,"biomesoplenty:tall_lavender":1,"botania:purple_mystical_flower":2,"botania:magenta_mystical_flower":16,"biomesoplenty:orange_cosmos":3,"biomesoplenty:toadstool":2,"biomesoplenty:lavender":1,"botania:lime_double_flower":1,"minecraft:azure_bluet":4,"biomesoplenty:magic_log":1,"biomesoplenty:glowflower":1,"minecraft:oak_stairs":1,"botania:pure_daisy":1,"botania:brown_mystical_flower":8,"irons_spellbooks:inscription_table":1,"botania:light_blue_double_flower":1,"minecraft:end_stone_bricks":1,"botania:light_blue_mystical_flower":6,"minecraft:orange_bed":2,"botania:green_mystical_flower":2,"botania:lime_mystical_flower":10,"botania:orange_mystical_flower":6,"minecraft:lily_of_the_valley":7,"minecraft:dandelion":4,"minecraft:powder_snow":9,"minecraft:crafting_table":4,"botania:yellow_double_flower":1,"minecraft:poppy":9,"minecraft:melon":10,"minecraft:rose_bush":24,"minecraft:lectern":1,"minecraft:mushroom_stem":1,"minecraft:tall_grass":1,"biomesoplenty:sprout":36,"botania:blue_mystical_flower":8,"minecraft:oak_planks":6,"botania:light_gray_double_flower":1,"botania:black_mystical_flower":11,"botania:pink_mystical_flower":5,"botania:cyan_mystical_flower":8,"minecraft:purple_bed":1,"biomesoplenty:blue_hydrangea":5,"biomesoplenty:mahogany_log":100,"minecraft:sweet_berry_bush":6,"minecraft:wheat":2,"minecraft:ice":17,"biomesoplenty:maple_sapling":1,"minecraft:grass":29,"botania:yellow_mystical_flower":3,"botania:white_mystical_flower":4,"minecraft:oak_log":3,"minecraft:sunflower":6,"minecraft:dirt":8,"botania:gray_mystical_flower":5,"minecraft:stripped_birch_wood":1,"minecraft:smooth_basalt":1,"minecraft:red_mushroom_block":1,"minecraft:oak_leaves":1,"botania:magenta_double_flower":2,"minecraft:fern":14},"minecraft:picked_up":{"minecraft:end_stone_bricks":1,"irons_spellbooks:scroll":4,"minecraft:cocoa_beans":19,"minecraft:crafting_table":5,"minecraft:allium":2,"minecraft:azure_bluet":12,"botania:brown_double_flower":1,"minecraft:chicken":1,"minecraft:diamond_sword":1,"minecraft:oak_stairs":1,"botania:light_blue_double_flower":2,"biomesoplenty:magic_boat":4,"botania:magenta_mystical_flower":37,"botania:light_gray_double_flower":2,"irons_spellbooks:arcane_essence":8,"botania:pure_daisy":2,"minecraft:spruce_planks":25,"minecraft:rose_bush":66,"minecraft:poppy":27,"minecraft:lectern":1,"minecraft:melon_slice":46,"minecraft:chest":1,"irons_spellbooks:inscription_table":2,"botania:lexicon":1,"minecraft:stick":14,"minecraft:raw_iron":6,"ribbits:giant_lilypad":27,"botania:cyan_double_flower":2,"botania:yellow_mystical_flower":12,"minecraft:acacia_log":2,"minecraft:porkchop":20,"botania:lime_double_flower":3,"alexsmobs:leafcutter_ant_pupa":1,"botania:white_mystical_flower":21,"minecraft:orange_bed":2,"biomesoplenty:blue_hydrangea":4,"minecraft:rotten_flesh":8,"botania:lime_mystical_flower":34,"botania:light_gray_mystical_flower":12,"minecraft:beetroot_seeds":2,"biomesoplenty:mahogany_sapling":17,"botania:apothecary_default":1,"minecraft:hay_block":62,"botania:blue_mystical_flower":16,"botania:livingwood_log":24,"minecraft:oak_chest_boat":1,"botania:blue_double_flower":1,"minecraft:bone_block":1,"botania:green_mystical_flower":2,"minecraft:mutton":5,"botania:magenta_double_flower":4,"minecraft:cod":16,"biomesoplenty:orange_cosmos":3,"minecraft:white_wool":6,"alexsmobs:flying_fish":2,"minecraft:cobblestone":33,"biomesoplenty:lavender":1,"minecraft:feather":1,"minecraft:cooked_beef":9,"minecraft:golden_carrot":5,"minecraft:jungle_log":11,"minecraft:leather":6,"alexsmobs:acacia_blossom":1,"minecraft:red_mushroom":1,"alexsmobs:cachalot_whale_tooth":1,"minecraft:oak_log":3,"minecraft:lily_pad":2,"minecraft:dirt":12,"tombstone:gift":1,"botania:light_blue_mystical_flower":14,"botania:black_mystical_flower":15,"irons_spellbooks:common_ink":4,"irons_spellbooks:hogskin":6,"minecraft:bone":7,"botania:cyan_mystical_flower":27,"minecraft:apple":3,"minecraft:kelp":66,"minecraft:wheat_seeds":12,"botania:purple_mystical_flower":26,"biomesoplenty:magic_log":1,"botania:gray_mystical_flower":20,"minecraft:pitcher_pod":2,"minecraft:oak_planks":5,"minecraft:acacia_sapling":7,"biomesoplenty:toadstool":6,"botania:red_mystical_flower":20,"minecraft:cooked_porkchop":2,"minecraft:sweet_berries":75,"patchouli:guide_book":5,"botania:yellow_double_flower":2,"botania:pink_double_flower":2,"minecraft:dandelion":14,"minecraft:torchflower_seeds":5,"minecraft:jungle_planks":8,"minecraft:ink_sac":6,"botania:white_petal":12,"minecraft:lily_of_the_valley":21,"minecraft:spider_eye":2,"alexsmobs:animal_dictionary":2,"biomesoplenty:glowflower":1,"biomesoplenty:mahogany_log":99,"biomesoplenty:maple_sapling":2,"minecraft:yellow_carpet":1,"minecraft:diamond":1,"irons_spellbooks:divine_pearl":6,"botania:orange_mystical_flower":12,"knightquest:small_essence":3,"minecraft:gray_wool":1,"minecraft:bread":5,"alexsmobs:maggot":2,"minecraft:baked_potato":2,"biomesoplenty:pink_daffodil":1,"minecraft:oak_sapling":2,"botania:brown_mystical_flower":24,"minecraft:coal":4,"minecraft:oak_leaves":1,"minecraft:sunflower":15},"minecraft:dropped":{"minecraft:iron_ingot":2,"minecraft:bread":125,"minecraft:wheat_seeds":4,"minecraft:cooked_beef":1,"minecraft:pitcher_pod":2,"biomesoplenty:maple_sapling":1,"minecraft:cobblestone":27,"minecraft:copper_ingot":2,"biomesoplenty:magic_boat":3,"minecraft:acacia_log":2,"irons_spellbooks:scroll":1,"minecraft:dirt":4,"botania:white_petal":16,"minecraft:white_wool":2,"minecraft:bucket":1,"biomesoplenty:toadstool":2,"minecraft:kelp":80,"minecraft:sweet_berries":10,"alexsmobs:acacia_blossom":1,"alexsmobs:animal_dictionary":2,"minecraft:cocoa_beans":7,"minecraft:chicken":1,"minecraft:rotten_flesh":4,"botania:purple_mystical_flower":1,"irons_spellbooks:inscription_table":1,"minecraft:torchflower_seeds":5,"minecraft:salmon":6,"patchouli:guide_book":5,"minecraft:allium":2,"botania:lexicon":1,"minecraft:spruce_planks":20,"minecraft:beetroot_seeds":2,"minecraft:melon_seeds":1,"minecraft:acacia_sapling":6,"knightquest:small_essence":1},"minecraft:killed":{"minecraft:chicken":1,"minecraft:hoglin":1,"minecraft:sheep":3,"alexsmobs:fly":1},"minecraft:used":{"minecraft:stone_sword":41,"minecraft:dried_kelp":12,"minecraft:chest":2,"minecraft:spruce_planks":1,"botania:green_mystical_flower":1,"biomesoplenty:dead_sign":1,"minecraft:cooked_chicken":1,"minecraft:rotten_flesh":2,"minecraft:orange_bed":2,"minecraft:dirt":8,"minecraft:yellow_carpet":1,"minecraft:acacia_sapling":1,"biomesoplenty:maple_sapling":1,"biomesoplenty:mahogany_sapling":4,"minecraft:sweet_berries":67,"tombstone:gift":2,"minecraft:cooked_beef":9,"biomesoplenty:blue_hydrangea":4,"minecraft:oak_chest_boat":1,"minecraft:wheat_seeds":6,"minecraft:cooked_mutton":5,"minecraft:baked_potato":3,"minecraft:wooden_pickaxe":4,"biomesoplenty:magic_boat":1,"biomesoplenty:lavender":1,"biomesoplenty:glowflower":1,"minecraft:oak_leaves":1,"biomesoplenty:mahogany_log":30,"minecraft:crafting_table":5,"minecraft:red_mushroom":1,"biomesoplenty:magic_planks":4,"botania:apothecary_default":1,"alexsmobs:leafcutter_ant_pupa":1,"tombstone:bag_of_seeds":1,"minecraft:wooden_hoe":19,"minecraft:apple":3,"biomesoplenty:pink_daffodil":1,"minecraft:bread":70,"minecraft:melon_slice":7,"minecraft:lectern":1,"minecraft:stone_axe":150,"minecraft:diamond_sword":7,"minecraft:potion":2,"botania:pure_daisy":1,"minecraft:cooked_porkchop":3,"minecraft:bucket":1,"minecraft:oak_boat":1,"alexsmobs:animal_dictionary":19},"minecraft:broken":{"minecraft:golden_boots":1,"minecraft:stone_axe":1,"minecraft:golden_chestplate":1}},"DataVersion":3465}