{"stats":{"minecraft:custom":{"minecraft:mob_kills":30,"minecraft:interact_with_crafting_table":23,"minecraft:open_barrel":7,"minecraft:bell_ring":2,"minecraft:leave_game":2,"minecraft:time_since_death":174940,"minecraft:climb_one_cm":21252,"minecraft:sprint_one_cm":695236,"minecraft:walk_one_cm":568248,"minecraft:drop":90,"minecraft:talked_to_villager":3,"minecraft:play_time":317580,"minecraft:sneak_time":3632,"minecraft:deaths":4,"minecraft:walk_under_water_one_cm":31768,"minecraft:boat_one_cm":451930,"minecraft:interact_with_lectern":1,"minecraft:jump":6174,"minecraft:walk_on_water_one_cm":60728,"minecraft:total_world_time":317580,"minecraft:interact_with_furnace":42,"minecraft:sleep_in_bed":6,"minecraft:time_since_rest":20261,"minecraft:damage_taken":4860,"minecraft:damage_dealt":7112,"minecraft:swim_one_cm":89521,"minecraft:fly_one_cm":1560678,"minecraft:open_chest":104,"minecraft:crouch_one_cm":7295,"tombstone:undead_killed":4,"tombstone:villager_killed":2,"minecraft:fish_caught":12,"minecraft:fall_one_cm":202500},"minecraft:crafted":{"minecraft:oak_planks":8,"biomesoplenty:magic_chest_boat":4,"sophisticatedbackpacks:copper_backpack":1,"minecraft:stone_pickaxe":1,"minecraft:chest":9,"biomesoplenty:magic_planks":52,"sophisticatedbackpacks:iron_backpack":1,"sophisticatedbackpacks:backpack":1,"minecraft:crafting_table":4,"minecraft:spruce_planks":28,"minecraft:dried_kelp":11,"minecraft:wooden_pickaxe":1,"minecraft:baked_potato":22,"minecraft:iron_sword":1,"biomesoplenty:magic_boat":2,"minecraft:copper_ingot":8,"minecraft:stone_axe":1,"minecraft:air":0,"minecraft:stick":8,"minecraft:stone_sword":1,"minecraft:iron_leggings":1,"minecraft:acacia_planks":40},"minecraft:mined":{"minecraft:spruce_planks":19,"minecraft:brewing_stand":1,"minecraft:granite":4,"minecraft:acacia_log":10,"minecraft:stone_brick_wall":1,"minecraft:grass_block":20,"minecraft:mangrove_trapdoor":2,"minecraft:spruce_leaves":7,"minecraft:mud_bricks":10,"minecraft:spawner":3,"minecraft:hay_block":14,"minecraft:furnace":3,"biomesoplenty:orange_cosmos":1,"minecraft:iron_ore":3,"minecraft:acacia_wood":3,"biomesoplenty:magic_log":16,"biomesoplenty:high_grass":2,"minecraft:light_gray_concrete":11,"irons_spellbooks:firefly_jar":3,"minecraft:bamboo":4,"irons_spellbooks:inscription_table":1,"minecraft:stone":46,"minecraft:spruce_slab":7,"minecraft:tripwire":1,"botania:green_mystical_flower":1,"irons_spellbooks:alchemist_cauldron":2,"minecraft:dandelion":5,"minecraft:crafting_table":2,"minecraft:torch":1,"minecraft:mud_brick_stairs":1,"minecraft:poppy":2,"biomesoplenty:mahogany_planks":17,"minecraft:mushroom_stem":3,"minecraft:copper_ore":6,"minecraft:tall_grass":2,"biomesoplenty:sprout":66,"minecraft:spruce_stairs":2,"minecraft:gray_wool":1,"minecraft:chain":1,"minecraft:purple_bed":1,"minecraft:sweet_berry_bush":2,"minecraft:birch_leaves":1,"minecraft:stone_brick_stairs":3,"minecraft:grass":22,"minecraft:oak_log":2,"minecraft:smooth_quartz":18,"minecraft:gravel":2,"minecraft:sand":1,"minecraft:dirt":10,"minecraft:cobweb":2,"minecraft:oak_leaves":6,"minecraft:fern":100},"minecraft:picked_up":{"irons_spellbooks:scroll":1,"minecraft:iron_chestplate":1,"minecraft:crafting_table":3,"minecraft:azure_bluet":4,"minecraft:lead":2,"minecraft:wooden_pickaxe":1,"minecraft:stone_brick_wall":1,"minecraft:potion":2,"minecraft:enchanted_book":1,"minecraft:stone_brick_stairs":4,"minecraft:brewing_stand":1,"biomesoplenty:magic_boat":5,"minecraft:string":9,"relics:leather_belt":1,"minecraft:raw_copper":24,"minecraft:iron_leggings":1,"minecraft:pufferfish":1,"minecraft:bucket":1,"minecraft:spruce_planks":17,"minecraft:beef":17,"minecraft:rose_bush":22,"irons_spellbooks:epic_ink":1,"minecraft:poppy":11,"minecraft:smooth_quartz":46,"minecraft:spruce_slab":10,"irons_spellbooks:inscription_table":1,"minecraft:furnace":4,"minecraft:raw_iron":3,"minecraft:stick":4,"minecraft:copper_ingot":3,"minecraft:torch":1,"minecraft:acacia_log":10,"minecraft:spruce_stairs":1,"minecraft:porkchop":3,"botania:lime_double_flower":1,"tombstone:grave_dust":1,"relics:wool_mitten":1,"minecraft:redstone":18,"minecraft:mangrove_trapdoor":2,"alexsmobs:crocodile_scute":4,"irons_spellbooks:alchemist_cauldron":2,"botania:white_mystical_flower":7,"minecraft:stone_sword":1,"minecraft:arrow":10,"minecraft:rotten_flesh":5,"relics:solid_snowball":2,"relics:arrow_quiver":2,"minecraft:hay_block":13,"minecraft:cod":9,"botania:green_mystical_flower":1,"minecraft:mutton":2,"biomesoplenty:orange_cosmos":1,"minecraft:white_wool":7,"alexsmobs:flying_fish":2,"minecraft:cobblestone":55,"minecraft:nautilus_shell":3,"minecraft:mud_bricks":11,"minecraft:cooked_beef":2,"minecraft:tripwire_hook":2,"minecraft:salmon":2,"minecraft:leather":10,"alexsmobs:acacia_blossom":1,"minecraft:chiseled_quartz_block":2,"minecraft:mud_brick_stairs":1,"minecraft:acacia_wood":3,"alexsmobs:bison_fur":2,"minecraft:oak_log":2,"minecraft:lily_pad":5,"minecraft:gray_concrete":5,"minecraft:dirt":38,"tombstone:gift":3,"minecraft:name_tag":1,"minecraft:bone":18,"botania:cyan_mystical_flower":9,"minecraft:kelp":31,"minecraft:wheat_seeds":23,"minecraft:iron_ingot":2,"minecraft:stone_pickaxe":1,"biomesoplenty:magic_log":16,"minecraft:bamboo":35,"botania:gray_mystical_flower":10,"minecraft:iron_sword":2,"minecraft:acacia_sapling":2,"minecraft:oak_planks":1,"irons_spellbooks:firefly_jar":3,"biomesoplenty:mahogany_planks":19,"botania:red_mystical_flower":10,"biomesoplenty:waterlily":1,"minecraft:sweet_berries":16,"patchouli:guide_book":4,"botania:yellow_double_flower":1,"minecraft:dandelion":11,"minecraft:sand":1,"minecraft:spruce_sapling":8,"minecraft:ink_sac":3,"minecraft:spruce_log":5,"minecraft:lily_of_the_valley":7,"minecraft:spider_eye":2,"alexsmobs:animal_dictionary":2,"minecraft:light_gray_concrete":20,"minecraft:pumpkin_seeds":2,"minecraft:purple_bed":1,"minecraft:stone_axe":1,"biomesoplenty:magic_planks":19,"irons_spellbooks:greater_healing_potion":1,"knightquest:small_essence":2,"minecraft:granite":4,"minecraft:gray_wool":2,"minecraft:emerald":10,"minecraft:bread":62,"tombstone:magic_scroll":1,"minecraft:oak_sapling":3,"minecraft:coal":7,"minecraft:sunflower":5},"minecraft:dropped":{"minecraft:enchanted_book":1,"minecraft:bread":9,"minecraft:iron_sword":1,"minecraft:acacia_wood":3,"minecraft:wheat_seeds":11,"minecraft:baked_potato":2,"minecraft:mangrove_trapdoor":2,"botania:red_mystical_flower":10,"minecraft:glass_bottle":2,"minecraft:crafting_table":2,"biomesoplenty:magic_planks":19,"botania:gray_mystical_flower":10,"minecraft:apple":1,"alexsmobs:bison_fur":2,"minecraft:pufferfish":1,"irons_spellbooks:scroll":1,"minecraft:dirt":11,"relics:leather_belt":1,"minecraft:rose_bush":22,"botania:green_mystical_flower":1,"irons_spellbooks:epic_ink":1,"irons_spellbooks:arcane_essence":1,"minecraft:potion":2,"minecraft:dried_kelp":7,"irons_spellbooks:common_ink":1,"minecraft:sunflower":5,"minecraft:tripwire_hook":2,"minecraft:string":1,"botania:white_mystical_flower":7,"minecraft:white_wool":1,"minecraft:dandelion":5,"alexsmobs:crocodile_scute":3,"botania:lime_double_flower":1,"irons_spellbooks:alchemist_cauldron":1,"botania:yellow_double_flower":1,"relics:solid_snowball":3,"minecraft:raw_iron":3,"minecraft:rotten_flesh":4,"minecraft:azure_bluet":4,"minecraft:lily_of_the_valley":7,"minecraft:poppy":9,"minecraft:hay_block":13,"minecraft:mud_bricks":3,"botania:cyan_mystical_flower":9,"minecraft:spruce_planks":10,"minecraft:spider_eye":2,"relics:arrow_quiver":1,"minecraft:beef":6,"irons_spellbooks:evasion_elixir":1,"irons_spellbooks:greater_healing_potion":1},"minecraft:killed":{"minecraft:spider":2,"minecraft:skeleton":9,"minecraft:drowned":2,"alexsmobs:flying_fish":1,"minecraft:pig":2,"minecraft:wandering_trader":2,"minecraft:sheep":1,"minecraft:trader_llama":2,"cataclysm:deepling":1,"minecraft:cow":7},"minecraft:used":{"biomesoplenty:mahogany_planks":12,"minecraft:stone_sword":33,"minecraft:dried_kelp":4,"minecraft:spruce_slab":5,"minecraft:poppy":2,"minecraft:chest":4,"minecraft:spruce_planks":17,"biomesoplenty:orange_cosmos":1,"minecraft:iron_sword":177,"minecraft:iron_chestplate":1,"minecraft:dirt":20,"minecraft:stone_brick_stairs":3,"minecraft:mud_bricks":5,"minecraft:beef":6,"minecraft:sweet_berries":22,"minecraft:furnace":3,"tombstone:gift":4,"minecraft:cooked_beef":2,"minecraft:potato":3,"minecraft:water_bucket":1,"biomesoplenty:magic_log":1,"minecraft:stone_pickaxe":100,"minecraft:baked_potato":20,"minecraft:oak_planks":1,"minecraft:wooden_pickaxe":27,"biomesoplenty:magic_boat":2,"minecraft:salmon":2,"minecraft:sand":1,"minecraft:crafting_table":5,"biomesoplenty:magic_chest_boat":4,"minecraft:cod":9,"minecraft:chiseled_quartz_block":2,"minecraft:gray_concrete":5,"relics:horse_flute":6,"minecraft:apple":4,"minecraft:light_gray_concrete":17,"minecraft:bread":78,"minecraft:stone_axe":108,"minecraft:fishing_rod":24,"minecraft:cobblestone":2,"minecraft:potion":2,"minecraft:porkchop":3,"minecraft:bucket":2,"minecraft:pumpkin_pie":1,"alexsmobs:animal_dictionary":1,"minecraft:dandelion":2}},"DataVersion":3465}