{"stats":{"minecraft:broken":{"minecraft:golden_boots":1,"minecraft:iron_leggings":1,"minecraft:stone_axe":1,"minecraft:iron_sword":1},"minecraft:dropped":{"minecraft:iron_sword":1,"minecraft:acacia_wood":3,"minecraft:porkchop":34,"minecraft:baked_potato":2,"botania:red_mystical_flower":10,"minecraft:glass_bottle":2,"minecraft:diamond":1,"minecraft:crafting_table":2,"biomesoplenty:magic_planks":19,"alexsmobs:bison_fur":2,"minecraft:dirt":11,"tombstone:bag_of_seeds":1,"relics:leather_belt":1,"irons_spellbooks:hogskin":7,"botania:green_mystical_flower":1,"irons_spellbooks:epic_ink":1,"irons_spellbooks:arcane_essence":1,"minecraft:sunflower":5,"botania:white_mystical_flower":7,"minecraft:white_wool":1,"botania:lime_double_flower":1,"relics:solid_snowball":3,"minecraft:rotten_flesh":4,"minecraft:azure_bluet":4,"minecraft:carrot":3,"minecraft:poppy":9,"minecraft:beef":6,"irons_spellbooks:greater_healing_potion":1,"minecraft:enchanted_book":1,"minecraft:bread":12,"minecraft:wheat_seeds":11,"minecraft:mangrove_trapdoor":2,"botania:gray_mystical_flower":10,"minecraft:apple":1,"minecraft:pufferfish":1,"irons_spellbooks:scroll":6,"minecraft:golden_carrot":7,"alexsmobs:leafcutter_ant_chamber":22,"minecraft:rose_bush":22,"minecraft:potion":2,"minecraft:dried_kelp":7,"irons_spellbooks:common_ink":1,"minecraft:string":1,"minecraft:tripwire_hook":2,"minecraft:lily_pad":2,"minecraft:dandelion":5,"alexsmobs:crocodile_scute":3,"irons_spellbooks:alchemist_cauldron":1,"minecraft:coarse_dirt":7,"botania:yellow_double_flower":1,"minecraft:raw_iron":3,"minecraft:lily_of_the_valley":7,"minecraft:diamond_sword":1,"minecraft:hay_block":13,"minecraft:mud_bricks":3,"botania:cyan_mystical_flower":9,"minecraft:spruce_planks":10,"minecraft:spider_eye":2,"relics:arrow_quiver":1,"irons_spellbooks:evasion_elixir":1},"minecraft:killed":{"minecraft:spider":3,"minecraft:skeleton":22,"minecraft:silverfish":2,"minecraft:pig":2,"minecraft:sheep":1,"minecraft:trader_llama":2,"minecraft:zombie":5,"cataclysm:deepling":1,"minecraft:cow":7,"alexsmobs:seagull":1,"minecraft:drowned":2,"alexsmobs:flying_fish":1,"minecraft:wandering_trader":2,"minecraft:hoglin":36,"minecraft:wither_skeleton":21},"minecraft:picked_up":{"irons_spellbooks:scroll":2,"minecraft:iron_chestplate":2,"minecraft:lead":4,"minecraft:oak_stairs":4,"minecraft:potion":2,"minecraft:enchanted_book":1,"minecraft:stone_brick_stairs":5,"minecraft:brewing_stand":1,"biomesoplenty:magic_boat":9,"minecraft:string":11,"minecraft:raw_copper":24,"minecraft:iron_leggings":1,"minecraft:armor_stand":1,"minecraft:pufferfish":1,"minecraft:shroomlight":4,"minecraft:deepslate_tiles":29,"minecraft:bucket":1,"minecraft:spruce_planks":81,"minecraft:rose_bush":22,"minecraft:smooth_quartz":46,"irons_spellbooks:inscription_table":2,"minecraft:furnace":4,"alexsmobs:leafcutter_ant_chamber":22,"minecraft:iron_boots":3,"minecraft:stick":4,"minecraft:oak_fence":1,"minecraft:torch":1,"minecraft:acacia_log":10,"minecraft:spruce_stairs":3,"minecraft:porkchop":96,"tombstone:grave_dust":15,"relics:wool_mitten":1,"minecraft:golden_chestplate":1,"minecraft:pink_terracotta":8,"botania:white_mystical_flower":7,"minecraft:stone_sword":1,"minecraft:rotten_flesh":13,"minecraft:stripped_birch_wood":6,"minecraft:cod":9,"biomesoplenty:orange_cosmos":1,"alexsmobs:flying_fish":2,"minecraft:cobblestone":68,"minecraft:nautilus_shell":3,"minecraft:feather":6,"minecraft:cooked_beef":2,"minecraft:mud_brick_stairs":1,"minecraft:chiseled_quartz_block":2,"alexsmobs:bison_fur":2,"minecraft:wither_skeleton_skull":1,"minecraft:gray_concrete":5,"minecraft:dirt":49,"minecraft:name_tag":1,"minecraft:leather_boots":1,"irons_spellbooks:hogskin":49,"minecraft:bone":100,"minecraft:acacia_planks":28,"botania:cyan_mystical_flower":9,"minecraft:bow":1,"minecraft:wheat_seeds":23,"minecraft:mossy_stone_bricks":3,"minecraft:bamboo":35,"botania:gray_mystical_flower":10,"minecraft:oak_planks":47,"irons_spellbooks:firefly_jar":3,"biomesoplenty:mahogany_planks":19,"botania:red_mystical_flower":10,"minecraft:cooked_porkchop":7,"patchouli:guide_book":4,"botania:yellow_double_flower":2,"minecraft:stripped_acacia_wood":25,"minecraft:sand":4,"minecraft:ink_sac":3,"minecraft:cyan_bed":3,"minecraft:lily_of_the_valley":7,"minecraft:dark_oak_log":4,"minecraft:barrel":1,"alexsmobs:animal_dictionary":2,"minecraft:mossy_cobblestone":6,"minecraft:bundle":1,"minecraft:light_gray_concrete":20,"minecraft:yellow_carpet":1,"knightquest:filled_goblet":1,"biomesoplenty:magic_planks":19,"knightquest:small_essence":33,"minecraft:granite":4,"minecraft:emerald":10,"minecraft:bread":62,"minecraft:oak_sapling":3,"minecraft:end_stone_bricks":1,"minecraft:crafting_table":4,"minecraft:coarse_dirt":10,"minecraft:azure_bluet":4,"minecraft:ladder":3,"minecraft:wooden_pickaxe":1,"minecraft:stone_brick_wall":2,"relics:leather_belt":1,"minecraft:flint_and_steel":1,"minecraft:quartz_slab":16,"minecraft:cracked_stone_bricks":1,"minecraft:beef":17,"minecraft:oak_boat":1,"minecraft:player_head":1,"irons_spellbooks:epic_ink":1,"minecraft:poppy":11,"minecraft:spruce_slab":10,"minecraft:raw_iron":3,"minecraft:copper_ingot":3,"botania:lime_double_flower":1,"knightquest:great_chalice":1,"minecraft:carrot":6,"minecraft:redstone":18,"alexsmobs:leafcutter_ant_pupa":2,"minecraft:mangrove_trapdoor":2,"alexsmobs:crocodile_scute":4,"irons_spellbooks:alchemist_cauldron":2,"minecraft:dark_oak_planks":9,"minecraft:arrow":33,"relics:solid_snowball":2,"relics:arrow_quiver":2,"minecraft:hay_block":13,"botania:green_mystical_flower":1,"minecraft:mutton":2,"minecraft:white_wool":7,"minecraft:bone_block":14,"minecraft:mud_bricks":11,"minecraft:tripwire_hook":2,"minecraft:salmon":2,"minecraft:leather":25,"alexsmobs:acacia_blossom":1,"minecraft:acacia_wood":3,"minecraft:oak_log":18,"minecraft:lily_pad":11,"tombstone:gift":4,"minecraft:stone_bricks":6,"minecraft:kelp":31,"minecraft:iron_ingot":3,"minecraft:stone_pickaxe":1,"biomesoplenty:magic_log":16,"tombstone:bag_of_seeds":1,"minecraft:iron_sword":3,"minecraft:acacia_sapling":2,"minecraft:dark_oak_stairs":2,"minecraft:book":6,"minecraft:dark_oak_slab":1,"minecraft:smooth_basalt":1,"biomesoplenty:waterlily":1,"minecraft:sweet_berries":16,"minecraft:dandelion":11,"minecraft:spruce_sapling":8,"minecraft:spruce_log":5,"minecraft:spider_eye":2,"minecraft:pumpkin_seeds":2,"minecraft:purple_bed":1,"minecraft:stone_axe":1,"minecraft:chainmail_leggings":6,"irons_spellbooks:greater_healing_potion":1,"minecraft:gray_wool":2,"tombstone:magic_scroll":4,"minecraft:acacia_slab":7,"minecraft:coal":17,"minecraft:sunflower":5},"minecraft:mined":{"minecraft:dark_oak_planks":10,"minecraft:spruce_planks":80,"alexsmobs:leafcutter_anthill":2,"minecraft:brewing_stand":1,"minecraft:granite":4,"minecraft:acacia_log":10,"minecraft:grass_block":23,"minecraft:stone_brick_wall":1,"minecraft:yellow_carpet":1,"minecraft:mud_bricks":10,"minecraft:spawner":5,"biomesoplenty:orange_cosmos":1,"minecraft:iron_ore":3,"minecraft:fire":2,"minecraft:barrel":1,"minecraft:dark_oak_stairs":3,"minecraft:oak_stairs":2,"minecraft:quartz_slab":2,"minecraft:light_gray_concrete":11,"minecraft:end_stone_bricks":1,"knightquest:great_chalice":1,"minecraft:spruce_slab":8,"minecraft:tripwire":1,"botania:green_mystical_flower":1,"irons_spellbooks:alchemist_cauldron":2,"minecraft:torch":1,"minecraft:poppy":2,"minecraft:mud_brick_stairs":1,"minecraft:mushroom_stem":3,"minecraft:cobblestone":10,"minecraft:cyan_bed":3,"minecraft:oak_planks":45,"minecraft:chain":1,"minecraft:dark_oak_slab":1,"minecraft:stone_brick_stairs":4,"minecraft:grass":24,"minecraft:oak_log":18,"minecraft:dirt":18,"minecraft:sand":3,"minecraft:smooth_quartz":18,"minecraft:stripped_birch_wood":7,"minecraft:oak_leaves":6,"minecraft:deepslate_tiles":29,"minecraft:mossy_cobblestone":3,"minecraft:dark_oak_log":8,"alexsmobs:leafcutter_ant_chamber":23,"minecraft:mangrove_trapdoor":2,"minecraft:spruce_leaves":7,"minecraft:acacia_slab":7,"biomesoplenty:dune_grass":14,"minecraft:hay_block":14,"minecraft:furnace":3,"minecraft:acacia_wood":3,"biomesoplenty:magic_log":16,"biomesoplenty:sea_oats":81,"minecraft:bookshelf":2,"biomesoplenty:high_grass":2,"minecraft:shroomlight":4,"minecraft:packed_ice":1,"irons_spellbooks:firefly_jar":3,"minecraft:bamboo":4,"irons_spellbooks:inscription_table":2,"minecraft:stone":46,"minecraft:bone_block":12,"minecraft:pink_terracotta":9,"minecraft:dandelion":5,"minecraft:oak_fence":1,"minecraft:crafting_table":3,"botania:yellow_double_flower":1,"biomesoplenty:mahogany_planks":17,"minecraft:tall_grass":2,"minecraft:copper_ore":6,"biomesoplenty:sprout":66,"minecraft:spruce_stairs":4,"minecraft:gray_wool":1,"minecraft:purple_bed":1,"minecraft:coarse_dirt":10,"minecraft:sweet_berry_bush":2,"minecraft:birch_leaves":1,"minecraft:gravel":2,"minecraft:cobweb":4,"minecraft:cracked_stone_bricks":1,"minecraft:acacia_planks":26,"minecraft:stripped_acacia_wood":27,"minecraft:stone_bricks":5,"minecraft:mossy_stone_bricks":3,"minecraft:fern":100},"minecraft:crafted":{"minecraft:oak_planks":60,"minecraft:iron_boots":2,"sophisticatedbackpacks:copper_backpack":1,"minecraft:chest":9,"knightquest:great_essence":6,"sophisticatedbackpacks:backpack":1,"minecraft:cooked_porkchop":2,"minecraft:crafting_table":9,"minecraft:spruce_planks":28,"minecraft:wooden_pickaxe":1,"minecraft:baked_potato":22,"minecraft:copper_ingot":8,"minecraft:birch_planks":12,"minecraft:iron_chestplate":1,"minecraft:diamond_pickaxe":1,"minecraft:shield":1,"sophisticatedbackpacks:diamond_backpack":1,"minecraft:stick":16,"minecraft:stone_sword":1,"biomesoplenty:magic_chest_boat":4,"knightquest:great_chalice":1,"minecraft:furnace":1,"minecraft:iron_axe":1,"minecraft:stone_pickaxe":1,"biomesoplenty:magic_planks":52,"alexsmobs:flying_fish_boots":1,"minecraft:chainmail_leggings":5,"sophisticatedbackpacks:iron_backpack":1,"minecraft:diamond_sword":2,"minecraft:dried_kelp":11,"minecraft:iron_sword":1,"biomesoplenty:magic_boat":2,"sophisticatedbackpacks:gold_backpack":1,"minecraft:stone_axe":2,"minecraft:air":0,"minecraft:oak_boat":1,"minecraft:wooden_axe":1,"minecraft:iron_shovel":1,"minecraft:iron_leggings":1,"knightquest:empty_goblet":2,"minecraft:acacia_planks":136},"minecraft:killed_by":{"minecraft:player":2},"minecraft:custom":{"minecraft:interact_with_crafting_table":54,"minecraft:open_barrel":44,"minecraft:bell_ring":2,"minecraft:leave_game":8,"minecraft:time_since_death":7131,"minecraft:sprint_one_cm":980713,"minecraft:damage_blocked_by_shield":950,"minecraft:drop":183,"minecraft:talked_to_villager":3,"minecraft:play_time":542608,"minecraft:deaths":22,"minecraft:jump":8404,"minecraft:walk_on_water_one_cm":117981,"minecraft:interact_with_furnace":46,"minecraft:sleep_in_bed":7,"minecraft:damage_dealt":36993,"minecraft:crouch_one_cm":17284,"tombstone:undead_killed":43,"tombstone:villager_killed":2,"minecraft:mob_kills":112,"minecraft:damage_dealt_resisted":43,"minecraft:climb_one_cm":26294,"minecraft:walk_one_cm":1050408,"minecraft:damage_dealt_absorbed":65,"minecraft:sneak_time":8978,"minecraft:walk_under_water_one_cm":116394,"minecraft:boat_one_cm":624871,"minecraft:interact_with_lectern":1,"minecraft:total_world_time":542608,"minecraft:time_since_rest":6849,"minecraft:damage_taken":17704,"minecraft:damage_absorbed":240,"minecraft:swim_one_cm":348210,"minecraft:fly_one_cm":1971772,"minecraft:open_chest":226,"minecraft:fish_caught":12,"minecraft:fall_one_cm":253546},"minecraft:used":{"minecraft:iron_shovel":47,"minecraft:spruce_slab":5,"minecraft:poppy":2,"minecraft:chest":4,"minecraft:shield":19,"biomesoplenty:orange_cosmos":1,"minecraft:iron_sword":255,"minecraft:iron_chestplate":1,"minecraft:carrot":25,"minecraft:pink_terracotta":2,"minecraft:dark_oak_slab":1,"minecraft:stone_brick_stairs":3,"minecraft:bow":4,"minecraft:sweet_berries":22,"minecraft:furnace":4,"minecraft:potato":3,"minecraft:mossy_stone_bricks":2,"minecraft:end_stone_bricks":1,"biomesoplenty:magic_log":1,"minecraft:stone_pickaxe":107,"minecraft:oak_planks":74,"minecraft:wooden_pickaxe":27,"biomesoplenty:magic_boat":7,"minecraft:golden_apple":6,"minecraft:sand":1,"minecraft:chiseled_quartz_block":2,"minecraft:gray_concrete":5,"relics:horse_flute":6,"minecraft:light_gray_concrete":17,"minecraft:cyan_bed":1,"minecraft:bread":106,"minecraft:diamond_sword":671,"minecraft:oak_boat":1,"minecraft:coarse_dirt":3,"minecraft:cobweb":2,"biomesoplenty:mahogany_planks":12,"minecraft:stripped_acacia_wood":1,"minecraft:stone_sword":33,"minecraft:flint_and_steel":14,"minecraft:dried_kelp":4,"minecraft:spruce_planks":58,"minecraft:stripped_birch_wood":3,"minecraft:dirt":31,"minecraft:golden_chestplate":1,"knightquest:great_chalice":1,"minecraft:shroomlight":4,"minecraft:iron_axe":58,"minecraft:oak_stairs":4,"minecraft:acacia_slab":7,"minecraft:mud_bricks":5,"minecraft:smooth_basalt":1,"minecraft:golden_carrot":42,"minecraft:beef":6,"tombstone:gift":6,"minecraft:cooked_beef":2,"minecraft:acacia_planks":119,"minecraft:water_bucket":4,"minecraft:birch_planks":12,"minecraft:baked_potato":20,"minecraft:salmon":2,"minecraft:crafting_table":10,"biomesoplenty:magic_chest_boat":4,"minecraft:cod":9,"minecraft:diamond_pickaxe":82,"minecraft:apple":4,"minecraft:stone_axe":248,"minecraft:fishing_rod":24,"minecraft:cobblestone":2,"minecraft:potion":2,"minecraft:porkchop":42,"minecraft:cooked_porkchop":9,"minecraft:bucket":5,"minecraft:pumpkin_pie":1,"alexsmobs:animal_dictionary":1,"minecraft:dandelion":2}},"DataVersion":3465}