{"stats":{"minecraft:killed":{"minecraft:skeleton":3},"minecraft:dropped":{"relics:solid_snowball":3,"minecraft:glass_bottle":2,"relics:arrow_quiver":1},"minecraft:mined":{"minecraft:sweet_berry_bush":2,"minecraft:stone_brick_stairs":1,"minecraft:grass":2,"minecraft:grass_block":1,"minecraft:oak_log":2,"minecraft:light_gray_concrete":7,"minecraft:smooth_quartz":14,"minecraft:dirt":6,"minecraft:gravel":2,"minecraft:stone":19,"minecraft:oak_leaves":1,"minecraft:spruce_slab":2,"minecraft:fern":1,"minecraft:spawner":1},"minecraft:picked_up":{"minecraft:sweet_berries":16,"minecraft:chiseled_quartz_block":2,"minecraft:dandelion":1,"minecraft:stone_brick_stairs":2,"minecraft:oak_log":2,"minecraft:gray_concrete":5,"minecraft:dirt":7,"alexsmobs:crocodile_scute":1,"minecraft:light_gray_concrete":12,"minecraft:arrow":2,"minecraft:pumpkin_seeds":1,"minecraft:bone":6,"relics:solid_snowball":2,"relics:arrow_quiver":1,"minecraft:spruce_slab":2,"minecraft:smooth_quartz":19,"minecraft:white_wool":2,"minecraft:cobblestone":19},"minecraft:custom":{"minecraft:time_since_rest":20437,"minecraft:interact_with_furnace":1,"minecraft:sprint_one_cm":141054,"minecraft:damage_taken":636,"minecraft:walk_one_cm":137303,"minecraft:mob_kills":4,"minecraft:drop":6,"minecraft:damage_dealt":787,"minecraft:swim_one_cm":7572,"minecraft:interact_with_crafting_table":6,"minecraft:fly_one_cm":327010,"minecraft:open_barrel":2,"minecraft:open_chest":13,"minecraft:crouch_one_cm":1954,"minecraft:play_time":60599,"minecraft:sneak_time":1463,"minecraft:walk_under_water_one_cm":100,"minecraft:jump":1230,"minecraft:time_since_death":60599,"minecraft:leave_game":1,"minecraft:walk_on_water_one_cm":2212,"minecraft:sleep_in_bed":2,"minecraft:total_world_time":60599,"minecraft:climb_one_cm":11156,"minecraft:fall_one_cm":36761},"minecraft:crafted":{"minecraft:oak_planks":8,"minecraft:crafting_table":2,"minecraft:spruce_planks":8,"minecraft:stick":8,"minecraft:wooden_pickaxe":1,"minecraft:stone_pickaxe":1,"minecraft:stone_sword":1,"minecraft:iron_sword":1,"minecraft:iron_leggings":1,"minecraft:stone_axe":1},"minecraft:used":{"minecraft:stone_sword":32,"minecraft:light_gray_concrete":11,"minecraft:bread":13,"minecraft:stone_pickaxe":23,"minecraft:wooden_pickaxe":27,"minecraft:iron_sword":8,"minecraft:stone_axe":2,"minecraft:potion":2,"minecraft:crafting_table":2,"minecraft:sweet_berries":22,"minecraft:gray_concrete":5,"minecraft:chiseled_quartz_block":2,"minecraft:pumpkin_pie":1,"alexsmobs:animal_dictionary":1,"minecraft:potato":3}},"DataVersion":3465}