{"stats":{"minecraft:killed":{"minecraft:pig":2,"minecraft:skeleton":7,"alexsmobs:flying_fish":1,"minecraft:cow":2},"minecraft:dropped":{"minecraft:bread":6,"minecraft:acacia_wood":3,"relics:solid_snowball":3,"minecraft:glass_bottle":2,"minecraft:rotten_flesh":2,"alexsmobs:bison_fur":2,"minecraft:dirt":11,"botania:green_mystical_flower":1,"minecraft:beef":6,"minecraft:dried_kelp":7,"relics:arrow_quiver":1},"minecraft:mined":{"botania:green_mystical_flower":1,"minecraft:spruce_planks":6,"minecraft:torch":1,"minecraft:grass_block":1,"biomesoplenty:sprout":3,"minecraft:spruce_leaves":7,"minecraft:spawner":3,"minecraft:gray_wool":1,"minecraft:furnace":3,"minecraft:sweet_berry_bush":2,"minecraft:acacia_wood":3,"minecraft:stone_brick_stairs":2,"minecraft:grass":3,"minecraft:oak_log":2,"minecraft:gravel":2,"minecraft:light_gray_concrete":11,"minecraft:dirt":8,"minecraft:smooth_quartz":18,"irons_spellbooks:inscription_table":1,"minecraft:stone":19,"minecraft:oak_leaves":1,"minecraft:spruce_slab":4,"minecraft:tripwire":1,"minecraft:fern":1},"minecraft:custom":{"minecraft:interact_with_furnace":35,"minecraft:mob_kills":13,"minecraft:interact_with_crafting_table":6,"minecraft:open_barrel":3,"minecraft:leave_game":2,"minecraft:time_since_death":45366,"minecraft:sleep_in_bed":2,"minecraft:climb_one_cm":15216,"minecraft:time_since_rest":45418,"minecraft:sprint_one_cm":321543,"minecraft:damage_taken":1941,"minecraft:walk_one_cm":268493,"minecraft:drop":26,"minecraft:damage_dealt":3276,"minecraft:talked_to_villager":1,"minecraft:swim_one_cm":33811,"minecraft:fly_one_cm":708492,"minecraft:open_chest":31,"minecraft:crouch_one_cm":4864,"minecraft:play_time":112659,"minecraft:deaths":1,"minecraft:sneak_time":2607,"minecraft:walk_under_water_one_cm":5580,"minecraft:jump":2723,"minecraft:walk_on_water_one_cm":11697,"minecraft:total_world_time":112659,"minecraft:fall_one_cm":87349},"minecraft:picked_up":{"minecraft:iron_chestplate":1,"minecraft:cooked_beef":2,"minecraft:leather":2,"minecraft:wooden_pickaxe":1,"minecraft:chiseled_quartz_block":2,"minecraft:acacia_wood":3,"alexsmobs:bison_fur":2,"minecraft:oak_log":2,"minecraft:stone_brick_stairs":3,"minecraft:gray_concrete":5,"minecraft:dirt":20,"minecraft:string":2,"minecraft:name_tag":1,"minecraft:iron_leggings":1,"minecraft:bone":16,"minecraft:kelp":31,"minecraft:bucket":1,"minecraft:spruce_planks":6,"minecraft:beef":9,"minecraft:iron_ingot":2,"minecraft:stone_pickaxe":1,"minecraft:smooth_quartz":46,"minecraft:spruce_slab":6,"irons_spellbooks:inscription_table":1,"minecraft:iron_sword":1,"minecraft:oak_planks":1,"minecraft:furnace":4,"minecraft:sweet_berries":16,"patchouli:guide_book":2,"minecraft:torch":1,"minecraft:dandelion":2,"minecraft:porkchop":3,"minecraft:spruce_sapling":8,"minecraft:spruce_log":5,"relics:wool_mitten":1,"minecraft:redstone":18,"alexsmobs:animal_dictionary":1,"alexsmobs:crocodile_scute":2,"minecraft:stone_sword":1,"minecraft:light_gray_concrete":20,"minecraft:pumpkin_seeds":2,"minecraft:arrow":8,"minecraft:rotten_flesh":2,"minecraft:stone_axe":1,"relics:solid_snowball":2,"relics:arrow_quiver":2,"knightquest:small_essence":1,"minecraft:gray_wool":2,"minecraft:emerald":10,"alexsmobs:flying_fish":2,"botania:green_mystical_flower":1,"minecraft:coal":7,"minecraft:white_wool":4,"minecraft:cobblestone":28},"minecraft:crafted":{"minecraft:oak_planks":8,"minecraft:crafting_table":2,"minecraft:spruce_planks":28,"minecraft:dried_kelp":11,"minecraft:wooden_pickaxe":1,"minecraft:baked_potato":22,"minecraft:iron_sword":1,"minecraft:stone_axe":1,"minecraft:air":0,"minecraft:stick":8,"minecraft:stone_pickaxe":1,"minecraft:stone_sword":1,"minecraft:iron_leggings":1},"minecraft:used":{"minecraft:stone_sword":32,"minecraft:spruce_slab":4,"minecraft:stone_pickaxe":41,"minecraft:dried_kelp":4,"minecraft:baked_potato":14,"minecraft:oak_planks":1,"minecraft:spruce_planks":16,"minecraft:wooden_pickaxe":27,"minecraft:iron_sword":86,"minecraft:iron_chestplate":1,"minecraft:dirt":2,"minecraft:crafting_table":2,"minecraft:chiseled_quartz_block":2,"minecraft:gray_concrete":5,"relics:horse_flute":6,"minecraft:light_gray_concrete":17,"minecraft:bread":30,"minecraft:stone_brick_stairs":3,"minecraft:stone_axe":19,"minecraft:cobblestone":2,"minecraft:potion":2,"minecraft:sweet_berries":22,"minecraft:furnace":3,"minecraft:bucket":1,"minecraft:pumpkin_pie":1,"alexsmobs:animal_dictionary":1,"minecraft:cooked_beef":2,"minecraft:potato":3}},"DataVersion":3465}