{"stats":{"minecraft:dropped":{"relics:arrow_quiver":1,"relics:solid_snowball":3,"minecraft:glass_bottle":2},"minecraft:mined":{"minecraft:gravel":2,"minecraft:sweet_berry_bush":2,"minecraft:oak_leaves":1},"minecraft:picked_up":{"minecraft:bone":2,"minecraft:pumpkin_seeds":1,"minecraft:arrow":1,"minecraft:sweet_berries":16,"relics:solid_snowball":2,"minecraft:dandelion":1,"relics:arrow_quiver":1,"minecraft:white_wool":2,"alexsmobs:crocodile_scute":1},"minecraft:custom":{"minecraft:open_barrel":2,"minecraft:time_since_rest":8437,"minecraft:open_chest":11,"minecraft:crouch_one_cm":787,"minecraft:sprint_one_cm":126583,"minecraft:play_time":48599,"minecraft:damage_taken":555,"minecraft:walk_one_cm":109102,"minecraft:sneak_time":680,"minecraft:walk_under_water_one_cm":61,"minecraft:mob_kills":1,"minecraft:drop":6,"minecraft:jump":1003,"minecraft:damage_dealt":18,"minecraft:leave_game":1,"minecraft:walk_on_water_one_cm":1113,"minecraft:time_since_death":48599,"minecraft:sleep_in_bed":2,"minecraft:climb_one_cm":3648,"minecraft:total_world_time":48599,"minecraft:swim_one_cm":278,"minecraft:fall_one_cm":30034,"minecraft:fly_one_cm":291288},"minecraft:used":{"minecraft:potion":2,"minecraft:sweet_berries":7,"minecraft:bread":13,"minecraft:pumpkin_pie":1,"alexsmobs:animal_dictionary":1,"minecraft:potato":3}},"DataVersion":3465}