{"stats":{"minecraft:killed":{"creeperoverhaul:snowy_creeper":1,"minecraft:chicken":3,"alexsmobs:bison":4,"minecraft:pig":4,"minecraft:zombie":2},"minecraft:dropped":{"minecraft:bread":1,"ribbits:swamp_lantern":1,"botania:blue_double_flower":1,"minecraft:wheat_seeds":7,"minecraft:cooked_beef":11,"minecraft:glass_bottle":4,"minecraft:cooked_porkchop":4,"minecraft:feather":3,"botania:gray_mystical_flower":5,"minecraft:apple":2,"minecraft:stick":6,"botania:light_blue_mystical_flower":1,"minecraft:gray_concrete":1,"minecraft:smooth_quartz":8,"botania:gray_double_flower":1,"botania:white_mystical_flower":4,"minecraft:sweet_berries":9,"minecraft:chiseled_quartz_block":2,"botania:brown_mystical_flower":4,"minecraft:rotten_flesh":2,"minecraft:light_gray_concrete":2,"minecraft:pumpkin_seeds":1,"relics:arrow_quiver":1,"minecraft:wooden_pickaxe":2,"botania:magenta_mystical_flower":8,"botania:white_double_flower":1,"minecraft:egg":1},"minecraft:broken":{"minecraft:wooden_axe":1},"minecraft:mined":{"minecraft:brewing_stand":1,"minecraft:grass_block":10,"biomesoplenty:white_petals":1,"minecraft:spruce_leaves":12,"botania:magenta_mystical_flower":4,"minecraft:furnace":4,"minecraft:iron_ore":6,"minecraft:potatoes":7,"minecraft:light_gray_concrete":9,"minecraft:packed_ice":8,"botania:brown_mystical_flower":4,"minecraft:stone":29,"botania:light_blue_mystical_flower":1,"minecraft:gray_concrete":6,"minecraft:chiseled_quartz_block":4,"minecraft:crafting_table":3,"minecraft:torch":3,"ribbits:swamp_lantern":1,"biomesoplenty:sprout":4,"minecraft:sugar_cane":2,"botania:white_double_flower":1,"botania:blue_double_flower":1,"botania:cyan_mystical_flower":1,"minecraft:purple_bed":6,"minecraft:mud":1,"minecraft:light_gray_stained_glass":6,"minecraft:wheat":17,"minecraft:sweet_berry_bush":11,"biomesoplenty:maple_leaves":9,"minecraft:pumpkin_stem":1,"minecraft:stone_brick_stairs":1,"minecraft:smooth_stone_slab":1,"minecraft:grass":9,"biomesoplenty:dead_log":62,"botania:white_mystical_flower":4,"minecraft:coal_ore":45,"botania:gray_double_flower":1,"minecraft:sunflower":1,"minecraft:smooth_quartz":8,"minecraft:dirt":8,"botania:gray_mystical_flower":5,"minecraft:oak_leaves":1,"minecraft:fern":1},"minecraft:custom":{"minecraft:mob_kills":14,"minecraft:interact_with_crafting_table":8,"minecraft:open_barrel":29,"minecraft:bell_ring":2,"minecraft:eat_cake_slice":4,"minecraft:leave_game":1,"minecraft:time_since_death":110159,"minecraft:climb_one_cm":25849,"minecraft:sprint_one_cm":277632,"minecraft:walk_one_cm":364037,"minecraft:drop":53,"minecraft:play_time":110159,"minecraft:sneak_time":3320,"minecraft:walk_under_water_one_cm":4054,"minecraft:jump":3402,"minecraft:interact_with_brewingstand":2,"minecraft:walk_on_water_one_cm":3001,"minecraft:total_world_time":110159,"minecraft:interact_with_furnace":38,"minecraft:traded_with_villager":1,"minecraft:sleep_in_bed":5,"minecraft:time_since_rest":11506,"minecraft:damage_taken":3072,"minecraft:damage_dealt":2980,"minecraft:swim_one_cm":7026,"minecraft:fly_one_cm":449005,"minecraft:open_chest":16,"minecraft:crouch_one_cm":10537,"minecraft:interact_with_smoker":2,"minecraft:fall_one_cm":68028,"minecraft:inspect_dispenser":1},"minecraft:picked_up":{"minecraft:crafting_table":3,"minecraft:mud":1,"minecraft:wheat":8,"minecraft:chicken":3,"minecraft:brown_mushroom":13,"minecraft:wooden_pickaxe":1,"minecraft:potion":1,"minecraft:brewing_stand":1,"minecraft:smooth_stone_slab":1,"botania:magenta_mystical_flower":8,"biomesoplenty:dead_sapling":4,"minecraft:beef":34,"minecraft:smooth_quartz":8,"minecraft:sugar_cane":5,"minecraft:furnace":3,"minecraft:egg":1,"minecraft:stick":15,"minecraft:raw_iron":6,"minecraft:torch":2,"minecraft:bowl":9,"minecraft:porkchop":9,"botania:white_mystical_flower":4,"minecraft:rotten_flesh":2,"ribbits:swamp_lantern":1,"relics:solid_snowball":1,"relics:arrow_quiver":1,"botania:blue_double_flower":1,"minecraft:cobblestone":29,"minecraft:feather":3,"minecraft:chiseled_quartz_block":2,"minecraft:red_mushroom":3,"minecraft:potato":7,"biomesoplenty:dead_log":51,"alexsmobs:bison_fur":2,"minecraft:gray_concrete":1,"minecraft:dirt":14,"botania:light_blue_mystical_flower":1,"botania:white_double_flower":1,"botania:cyan_mystical_flower":1,"minecraft:wheat_seeds":31,"minecraft:glass_bottle":4,"botania:gray_mystical_flower":5,"botania:gray_double_flower":1,"minecraft:sweet_berries":94,"minecraft:light_gray_concrete":6,"biomesoplenty:maple_sapling":1,"minecraft:pumpkin_seeds":1,"minecraft:purple_bed":6,"minecraft:sugar":3,"knightquest:small_essence":1,"minecraft:bread":6,"botania:brown_mystical_flower":4,"minecraft:coal":45},"minecraft:crafted":{"minecraft:cooked_chicken":1,"minecraft:furnace":1,"minecraft:mushroom_stew":15,"minecraft:stone_pickaxe":1,"minecraft:cooked_beef":21,"biomesoplenty:dead_planks":32,"minecraft:cooked_porkchop":9,"minecraft:crafting_table":1,"minecraft:wooden_pickaxe":1,"minecraft:bowl":16,"ribbits:maraca":1,"minecraft:bread":2,"minecraft:air":0,"minecraft:stick":8,"minecraft:wooden_axe":1,"minecraft:torch":16},"minecraft:used":{"minecraft:iron_sword":53,"minecraft:cooked_chicken":1,"minecraft:torch":4,"minecraft:dirt":14,"minecraft:wheat":1,"minecraft:wooden_axe":61,"minecraft:iron_boots":1,"botania:cyan_mystical_flower":1,"minecraft:sweet_berries":102,"minecraft:furnace":4,"minecraft:cooked_beef":5,"minecraft:wheat_seeds":24,"minecraft:stone_pickaxe":76,"minecraft:wooden_pickaxe":46,"minecraft:crafting_table":4,"minecraft:mushroom_stew":15,"biomesoplenty:dead_planks":2,"minecraft:mud":1,"minecraft:apple":4,"minecraft:light_gray_concrete":4,"minecraft:bread":8,"minecraft:cobblestone":17,"minecraft:purple_bed":5,"minecraft:cooked_porkchop":5,"minecraft:smooth_stone_slab":1,"alexsmobs:animal_dictionary":1}},"DataVersion":3465}