{"stats":{"minecraft:killed":{"minecraft:pig":4,"creeperoverhaul:snowy_creeper":1,"minecraft:zombie":2},"minecraft:dropped":{"botania:blue_double_flower":1,"ribbits:swamp_lantern":1,"minecraft:chiseled_quartz_block":2,"botania:brown_mystical_flower":4,"minecraft:glass_bottle":4,"minecraft:rotten_flesh":2,"botania:gray_mystical_flower":5,"minecraft:light_gray_concrete":2,"minecraft:pumpkin_seeds":1,"minecraft:stick":6,"minecraft:gray_concrete":1,"minecraft:smooth_quartz":8,"minecraft:wooden_pickaxe":2,"relics:arrow_quiver":1,"botania:gray_double_flower":1,"botania:magenta_mystical_flower":8,"botania:white_double_flower":1},"minecraft:broken":{"minecraft:wooden_axe":1},"minecraft:mined":{"minecraft:gray_concrete":6,"minecraft:brewing_stand":1,"minecraft:chiseled_quartz_block":4,"minecraft:crafting_table":2,"minecraft:torch":3,"minecraft:grass_block":2,"ribbits:swamp_lantern":1,"biomesoplenty:white_petals":1,"minecraft:spruce_leaves":10,"minecraft:sugar_cane":2,"botania:white_double_flower":1,"botania:blue_double_flower":1,"minecraft:purple_bed":4,"botania:cyan_mystical_flower":1,"botania:magenta_mystical_flower":4,"minecraft:furnace":2,"minecraft:mud":1,"minecraft:light_gray_stained_glass":6,"minecraft:wheat":8,"minecraft:sweet_berry_bush":6,"minecraft:pumpkin_stem":1,"biomesoplenty:maple_leaves":9,"minecraft:stone_brick_stairs":1,"minecraft:smooth_stone_slab":1,"minecraft:grass":4,"biomesoplenty:dead_log":62,"minecraft:potatoes":3,"botania:white_mystical_flower":4,"minecraft:coal_ore":20,"minecraft:smooth_quartz":8,"minecraft:light_gray_concrete":9,"botania:gray_double_flower":1,"botania:gray_mystical_flower":5,"minecraft:packed_ice":8,"botania:brown_mystical_flower":4,"minecraft:stone":17,"botania:light_blue_mystical_flower":1,"minecraft:fern":1},"minecraft:custom":{"minecraft:interact_with_furnace":12,"minecraft:mob_kills":7,"minecraft:traded_with_villager":1,"minecraft:interact_with_crafting_table":6,"minecraft:open_barrel":28,"minecraft:eat_cake_slice":4,"minecraft:leave_game":1,"minecraft:time_since_death":74159,"minecraft:sleep_in_bed":3,"minecraft:climb_one_cm":22941,"minecraft:time_since_rest":6212,"minecraft:sprint_one_cm":182262,"minecraft:damage_taken":1542,"minecraft:walk_one_cm":236400,"minecraft:drop":21,"minecraft:damage_dealt":834,"minecraft:swim_one_cm":4860,"minecraft:fly_one_cm":226932,"minecraft:open_chest":14,"minecraft:crouch_one_cm":7200,"minecraft:play_time":74159,"minecraft:sneak_time":2448,"minecraft:walk_under_water_one_cm":2810,"minecraft:jump":2456,"minecraft:interact_with_brewingstand":2,"minecraft:walk_on_water_one_cm":2418,"minecraft:interact_with_smoker":2,"minecraft:total_world_time":74159,"minecraft:fall_one_cm":37999,"minecraft:inspect_dispenser":1},"minecraft:picked_up":{"minecraft:mud":1,"minecraft:crafting_table":2,"minecraft:wheat":1,"minecraft:brown_mushroom":13,"minecraft:chiseled_quartz_block":2,"minecraft:wooden_pickaxe":1,"minecraft:red_mushroom":3,"minecraft:potato":3,"biomesoplenty:dead_log":51,"minecraft:potion":1,"minecraft:brewing_stand":1,"minecraft:gray_concrete":1,"minecraft:dirt":2,"minecraft:smooth_stone_slab":1,"botania:light_blue_mystical_flower":1,"botania:white_double_flower":1,"botania:magenta_mystical_flower":8,"botania:cyan_mystical_flower":1,"biomesoplenty:dead_sapling":4,"minecraft:wheat_seeds":11,"minecraft:smooth_quartz":8,"minecraft:glass_bottle":4,"minecraft:sugar_cane":5,"botania:gray_mystical_flower":5,"minecraft:furnace":2,"minecraft:stick":15,"botania:gray_double_flower":1,"minecraft:sweet_berries":55,"minecraft:torch":2,"minecraft:bowl":9,"minecraft:porkchop":9,"minecraft:light_gray_concrete":6,"botania:white_mystical_flower":4,"minecraft:pumpkin_seeds":1,"biomesoplenty:maple_sapling":1,"minecraft:sugar":3,"minecraft:purple_bed":4,"minecraft:rotten_flesh":2,"ribbits:swamp_lantern":1,"relics:solid_snowball":1,"relics:arrow_quiver":1,"knightquest:small_essence":1,"botania:blue_double_flower":1,"minecraft:coal":20,"botania:brown_mystical_flower":4,"minecraft:cobblestone":17},"minecraft:crafted":{"biomesoplenty:dead_planks":32,"minecraft:cooked_porkchop":9,"minecraft:crafting_table":1,"minecraft:wooden_pickaxe":1,"minecraft:bowl":16,"minecraft:mushroom_stew":15,"ribbits:maraca":1,"minecraft:air":0,"minecraft:stick":8,"minecraft:stone_pickaxe":1,"minecraft:wooden_axe":1,"minecraft:torch":16},"minecraft:used":{"minecraft:wheat_seeds":11,"minecraft:stone_pickaxe":30,"minecraft:wooden_pickaxe":46,"minecraft:iron_sword":20,"minecraft:torch":4,"minecraft:dirt":2,"minecraft:wheat":1,"minecraft:crafting_table":2,"minecraft:mushroom_stew":15,"biomesoplenty:dead_planks":2,"minecraft:mud":1,"minecraft:wooden_axe":61,"minecraft:apple":2,"minecraft:light_gray_concrete":4,"minecraft:bread":1,"minecraft:iron_boots":1,"minecraft:cooked_porkchop":3,"minecraft:cobblestone":3,"botania:cyan_mystical_flower":1,"minecraft:purple_bed":3,"minecraft:sweet_berries":69,"minecraft:furnace":1,"minecraft:smooth_stone_slab":1,"alexsmobs:animal_dictionary":1}},"DataVersion":3465}