{"stats":{"minecraft:broken":{"minecraft:iron_boots":1,"minecraft:stone_pickaxe":1,"minecraft:chainmail_chestplate":1,"minecraft:stone_axe":2,"minecraft:iron_sword":1,"minecraft:wooden_axe":3,"minecraft:flint_and_steel":3,"minecraft:leather_boots":1,"minecraft:iron_pickaxe":1},"minecraft:dropped":{"sophisticatedbackpacks:iron_backpack":1,"ribbits:swamp_lantern":1,"minecraft:iron_sword":1,"minecraft:brown_mushroom":6,"irons_spellbooks:rare_ink":1,"minecraft:cooked_beef":14,"minecraft:chorus_fruit":15,"minecraft:glass_bottle":4,"minecraft:cooked_porkchop":46,"minecraft:leather":4,"minecraft:saddle":1,"minecraft:red_mushroom":1,"minecraft:gray_concrete":1,"minecraft:netherite_scrap":3,"irons_spellbooks:hogskin":32,"irons_spellbooks:epic_ink":1,"irons_spellbooks:arcane_essence":20,"botania:white_mystical_flower":4,"minecraft:gold_ingot":1,"alexsmobs:animal_dictionary":1,"botania:brown_mystical_flower":4,"minecraft:rotten_flesh":10,"minecraft:oak_planks":4,"patchouli:guide_book":1,"minecraft:acacia_slab":8,"botania:white_double_flower":1,"minecraft:egg":1,"minecraft:enchanted_book":3,"minecraft:bread":12,"botania:blue_double_flower":1,"minecraft:wheat_seeds":8,"minecraft:feather":3,"minecraft:cobblestone":1,"botania:gray_mystical_flower":5,"minecraft:apple":2,"minecraft:copper_ingot":3,"minecraft:stick":6,"botania:light_blue_mystical_flower":1,"minecraft:pufferfish":1,"irons_spellbooks:scroll":3,"relics:roller_skates":1,"minecraft:golden_carrot":5,"minecraft:smooth_quartz":8,"tombstone:grave_dust":1,"irons_spellbooks:common_ink":3,"botania:gray_double_flower":1,"irons_spellbooks:nature_rune":1,"minecraft:acacia_planks":1,"minecraft:sweet_berries":9,"minecraft:chiseled_quartz_block":2,"irons_spellbooks:uncommon_ink":1,"minecraft:raw_iron":6,"minecraft:wither_skeleton_skull":1,"minecraft:light_gray_concrete":2,"minecraft:pumpkin_seeds":1,"minecraft:filled_map":1,"minecraft:bundle":1,"minecraft:iron_chestplate":4,"knightquest:small_essence":1,"minecraft:rabbit_stew":1,"irons_spellbooks:iron_spell_book":1,"relics:arrow_quiver":1,"minecraft:wooden_pickaxe":2,"minecraft:magma_block":2,"botania:magenta_mystical_flower":8},"minecraft:killed":{"alexsmobs:anaconda":1,"minecraft:spider":2,"minecraft:skeleton":20,"irons_spellbooks:apothecarist":1,"alexsmobs:leafcutter_ant":1,"minecraft:chicken":4,"creeperoverhaul:jungle_creeper":1,"minecraft:silverfish":3,"minecraft:pig":9,"minecraft:zombie":20,"minecraft:cow":11,"alexsmobs:seagull":2,"minecraft:phantom":1,"creeperoverhaul:snowy_creeper":1,"minecraft:drowned":5,"alexsmobs:bison":5,"alexsmobs:flying_fish":4,"minecraft:hoglin":15,"minecraft:wither_skeleton":9},"minecraft:picked_up":{"minecraft:iron_chestplate":4,"minecraft:wheat":13,"minecraft:oak_stairs":4,"minecraft:potion":2,"minecraft:brewing_stand":1,"minecraft:string":5,"irons_spellbooks:nature_rune":1,"irons_spellbooks:graybeard_staff":1,"minecraft:smooth_stone_slab":1,"minecraft:pufferfish":2,"minecraft:shroomlight":1,"biomesoplenty:dead_sapling":4,"irons_spellbooks:arcane_essence":7,"minecraft:bucket":1,"minecraft:spruce_planks":83,"minecraft:smooth_quartz":8,"minecraft:furnace":6,"minecraft:stick":21,"minecraft:oak_fence":1,"minecraft:torch":3,"minecraft:spruce_stairs":5,"minecraft:porkchop":71,"tombstone:grave_dust":9,"botania:white_mystical_flower":4,"minecraft:rotten_flesh":16,"botania:blue_double_flower":1,"minecraft:stripped_birch_wood":16,"alexsmobs:flying_fish":8,"minecraft:cobblestone":40,"minecraft:magma_block":2,"relics:roller_skates":1,"minecraft:feather":29,"minecraft:jungle_log":9,"minecraft:flint":1,"minecraft:chiseled_quartz_block":2,"minecraft:potato":7,"biomesoplenty:dead_log":51,"alexsmobs:bison_fur":4,"minecraft:gray_concrete":1,"minecraft:dirt":15,"botania:white_double_flower":1,"minecraft:leather_boots":1,"irons_spellbooks:hogskin":17,"minecraft:bone":39,"minecraft:acacia_planks":6,"botania:cyan_mystical_flower":1,"minecraft:wheat_seeds":35,"minecraft:oak_planks":50,"botania:gray_mystical_flower":5,"biomesoplenty:mahogany_planks":2,"minecraft:black_terracotta":2,"botania:gray_double_flower":1,"minecraft:cooked_porkchop":4,"minecraft:stripped_acacia_wood":20,"minecraft:jungle_planks":2,"sophisticatedbackpacks:iron_backpack":1,"minecraft:light_gray_concrete":6,"minecraft:sugar":3,"biomesoplenty:willow_log":49,"minecraft:diamond":1,"knightquest:small_essence":12,"minecraft:bread":6,"minecraft:oak_sapling":1,"minecraft:end_stone_bricks":4,"minecraft:mud":1,"minecraft:crafting_table":8,"minecraft:azure_bluet":1,"minecraft:ladder":1,"minecraft:chicken":4,"minecraft:leather_leggings":1,"minecraft:brown_mushroom":13,"minecraft:wooden_pickaxe":1,"minecraft:red_bed":1,"botania:magenta_mystical_flower":8,"minecraft:cracked_stone_bricks":1,"minecraft:beef":64,"minecraft:player_head":1,"irons_spellbooks:epic_ink":1,"minecraft:spruce_slab":3,"minecraft:sugar_cane":18,"minecraft:egg":1,"minecraft:raw_iron":9,"minecraft:copper_ingot":1,"minecraft:bowl":9,"minecraft:note_block":7,"minecraft:carrot":4,"alexsmobs:leafcutter_ant_pupa":1,"minecraft:dark_oak_planks":3,"minecraft:arrow":16,"minecraft:cooked_cod":1,"biomesoplenty:willow_sapling":14,"ribbits:swamp_lantern":1,"relics:solid_snowball":1,"relics:arrow_quiver":1,"minecraft:hay_block":21,"minecraft:bone_block":62,"minecraft:basalt":150,"minecraft:golden_carrot":2,"minecraft:tripwire_hook":1,"minecraft:leather":16,"minecraft:red_mushroom":4,"minecraft:birch_planks":1,"minecraft:oak_log":26,"botania:light_blue_mystical_flower":1,"minecraft:iron_ingot":2,"minecraft:glass_bottle":4,"minecraft:dark_oak_stairs":1,"minecraft:smooth_basalt":109,"minecraft:emerald_block":1,"minecraft:sweet_berries":94,"minecraft:gravel":3,"biomesoplenty:dead_planks":1,"minecraft:pumpkin_seeds":1,"biomesoplenty:maple_sapling":1,"minecraft:purple_bed":11,"minecraft:chainmail_leggings":1,"minecraft:damaged_anvil":1,"minecraft:acacia_slab":8,"minecraft:coal":72,"botania:brown_mystical_flower":4},"minecraft:mined":{"minecraft:dark_oak_planks":3,"minecraft:spruce_planks":90,"minecraft:black_terracotta":3,"minecraft:brewing_stand":1,"minecraft:grass_block":12,"minecraft:jungle_log":9,"minecraft:spawner":10,"minecraft:magma_block":2,"minecraft:iron_ore":6,"minecraft:fire":4,"minecraft:azure_bluet":1,"minecraft:dark_oak_stairs":3,"minecraft:oak_stairs":4,"minecraft:quartz_slab":2,"minecraft:light_gray_concrete":9,"botania:brown_mystical_flower":4,"minecraft:end_stone_bricks":8,"botania:light_blue_mystical_flower":1,"minecraft:player_head":1,"minecraft:spruce_slab":4,"minecraft:red_bed":1,"minecraft:chiseled_quartz_block":4,"minecraft:torch":3,"minecraft:note_block":7,"minecraft:cobblestone":2,"minecraft:sugar_cane":6,"minecraft:oak_planks":55,"botania:blue_double_flower":1,"minecraft:dark_oak_slab":1,"minecraft:mud":1,"minecraft:light_gray_stained_glass":6,"minecraft:wheat":17,"minecraft:blue_ice":1,"biomesoplenty:maple_leaves":9,"minecraft:pumpkin_stem":1,"minecraft:stone_brick_stairs":2,"minecraft:smooth_stone_slab":1,"minecraft:grass":29,"biomesoplenty:dead_log":62,"minecraft:oak_log":26,"botania:gray_double_flower":1,"minecraft:sand":1,"minecraft:dirt":8,"minecraft:smooth_quartz":8,"minecraft:stripped_birch_wood":17,"minecraft:smooth_basalt":109,"minecraft:oak_leaves":11,"minecraft:emerald_block":1,"minecraft:suspicious_gravel":1,"biomesoplenty:watergrass":1,"minecraft:ladder":2,"minecraft:jungle_planks":2,"biomesoplenty:white_petals":1,"minecraft:spruce_leaves":12,"minecraft:acacia_slab":8,"biomesoplenty:dune_grass":4,"minecraft:hay_block":21,"botania:magenta_mystical_flower":4,"minecraft:furnace":7,"minecraft:carrots":1,"biomesoplenty:sea_oats":5,"minecraft:potatoes":7,"biomesoplenty:high_grass":1,"minecraft:shroomlight":2,"minecraft:packed_ice":9,"minecraft:stone":40,"minecraft:bone_block":59,"minecraft:gray_concrete":6,"minecraft:basalt":151,"minecraft:oak_fence":1,"minecraft:crafting_table":8,"biomesoplenty:mahogany_planks":2,"ribbits:swamp_lantern":1,"minecraft:tall_grass":12,"biomesoplenty:sprout":10,"biomesoplenty:willow_log":49,"botania:white_double_flower":1,"minecraft:spruce_stairs":5,"botania:cyan_mystical_flower":1,"minecraft:birch_planks":1,"minecraft:purple_bed":11,"minecraft:sweet_berry_bush":11,"minecraft:ice":2,"botania:white_mystical_flower":4,"minecraft:coal_ore":67,"minecraft:sunflower":1,"minecraft:gravel":4,"botania:gray_mystical_flower":5,"minecraft:cracked_stone_bricks":1,"biomesoplenty:dead_planks":1,"minecraft:acacia_planks":6,"minecraft:stripped_acacia_wood":20,"minecraft:fern":8},"minecraft:crafted":{"minecraft:oak_planks":104,"minecraft:cooked_chicken":1,"minecraft:chest":3,"sophisticatedbackpacks:backpack":1,"minecraft:cooked_porkchop":153,"minecraft:crafting_table":3,"minecraft:spruce_planks":32,"minecraft:wooden_pickaxe":1,"minecraft:copper_ingot":16,"minecraft:birch_planks":52,"minecraft:stick":20,"minecraft:iron_ingot":3,"minecraft:iron_pickaxe":2,"minecraft:spyglass":1,"minecraft:furnace":2,"minecraft:mushroom_stew":15,"minecraft:iron_axe":1,"minecraft:stone_pickaxe":1,"minecraft:wheat":189,"sophisticatedbackpacks:iron_backpack":1,"minecraft:cooked_beef":39,"biomesoplenty:dead_planks":44,"minecraft:diamond_sword":1,"minecraft:bowl":16,"minecraft:stone_axe":1,"ribbits:maraca":1,"minecraft:bread":66,"minecraft:air":0,"minecraft:jungle_planks":4,"minecraft:wooden_axe":3,"minecraft:acacia_planks":52,"minecraft:torch":24},"minecraft:killed_by":{"minecraft:wither_skeleton":1,"minecraft:player":1,"minecraft:hoglin":1},"minecraft:custom":{"minecraft:interact_with_crafting_table":35,"minecraft:open_barrel":82,"minecraft:bell_ring":2,"minecraft:eat_cake_slice":4,"minecraft:leave_game":10,"minecraft:time_since_death":5870,"minecraft:sprint_one_cm":758275,"minecraft:drop":152,"minecraft:play_noteblock":7,"minecraft:play_time":424839,"minecraft:deaths":17,"tombstone:tomb_raiding":1,"minecraft:jump":7847,"minecraft:interact_with_brewingstand":2,"minecraft:walk_on_water_one_cm":78526,"minecraft:interact_with_furnace":109,"minecraft:traded_with_villager":1,"minecraft:sleep_in_bed":11,"minecraft:damage_dealt":27935,"minecraft:player_kills":2,"minecraft:crouch_one_cm":50876,"tombstone:undead_killed":53,"minecraft:interact_with_smoker":2,"minecraft:inspect_dispenser":1,"minecraft:mob_kills":118,"minecraft:damage_dealt_resisted":87,"minecraft:climb_one_cm":37364,"minecraft:walk_one_cm":1176026,"minecraft:damage_dealt_absorbed":74,"minecraft:sneak_time":19837,"minecraft:walk_under_water_one_cm":166467,"minecraft:interact_with_blast_furnace":1,"minecraft:total_world_time":424839,"tombstone:raider_killed":1,"minecraft:time_since_rest":4823,"minecraft:damage_taken":22055,"minecraft:swim_one_cm":469209,"minecraft:fly_one_cm":1327452,"minecraft:open_chest":147,"minecraft:fall_one_cm":215778},"minecraft:used":{"minecraft:spruce_slab":1,"minecraft:chest":1,"minecraft:iron_sword":239,"minecraft:jungle_planks":12,"minecraft:carrot":4,"botania:cyan_mystical_flower":1,"minecraft:rabbit_stew":2,"minecraft:sweet_berries":102,"minecraft:furnace":6,"minecraft:skeleton_skull":1,"minecraft:end_stone_bricks":3,"minecraft:oak_planks":112,"minecraft:stone_pickaxe":223,"minecraft:wooden_pickaxe":46,"minecraft:sugar_cane":1,"minecraft:mushroom_stew":15,"biomesoplenty:dead_planks":3,"minecraft:black_terracotta":1,"minecraft:light_gray_concrete":4,"minecraft:bread":36,"minecraft:gravel":1,"minecraft:pufferfish":1,"minecraft:diamond_sword":381,"minecraft:smooth_stone_slab":1,"minecraft:oak_fence":1,"biomesoplenty:mahogany_planks":31,"minecraft:stripped_acacia_wood":2,"minecraft:flint_and_steel":192,"minecraft:spruce_planks":97,"minecraft:stripped_birch_wood":3,"minecraft:cooked_chicken":1,"minecraft:torch":20,"minecraft:dirt":16,"minecraft:wheat":1,"minecraft:wooden_axe":169,"minecraft:iron_axe":8,"minecraft:oak_stairs":3,"minecraft:iron_boots":2,"minecraft:smooth_basalt":109,"minecraft:basalt":144,"minecraft:golden_carrot":14,"tombstone:gift":3,"minecraft:cooked_beef":34,"minecraft:acacia_planks":54,"minecraft:wheat_seeds":24,"minecraft:water_bucket":17,"minecraft:birch_planks":50,"minecraft:crafting_table":9,"minecraft:red_bed":1,"minecraft:mud":1,"minecraft:apple":4,"minecraft:iron_pickaxe":250,"minecraft:stone_axe":161,"minecraft:cobblestone":18,"minecraft:purple_bed":10,"minecraft:porkchop":2,"minecraft:cooked_porkchop":117,"minecraft:bucket":18,"alexsmobs:animal_dictionary":1,"minecraft:splash_potion":1}},"DataVersion":3465}