{"stats":{"minecraft:custom":{"minecraft:mob_kills":46,"minecraft:interact_with_crafting_table":17,"minecraft:open_barrel":43,"minecraft:bell_ring":2,"minecraft:damage_dealt_resisted":87,"minecraft:eat_cake_slice":4,"minecraft:leave_game":3,"minecraft:time_since_death":1728,"minecraft:climb_one_cm":27521,"minecraft:sprint_one_cm":473635,"minecraft:walk_one_cm":657804,"minecraft:drop":68,"minecraft:damage_dealt_absorbed":74,"minecraft:play_time":209915,"minecraft:deaths":3,"minecraft:sneak_time":9457,"minecraft:walk_under_water_one_cm":16804,"minecraft:interact_with_brewingstand":2,"minecraft:jump":5172,"minecraft:interact_with_blast_furnace":1,"minecraft:walk_on_water_one_cm":21909,"minecraft:total_world_time":209915,"minecraft:interact_with_furnace":66,"minecraft:traded_with_villager":1,"minecraft:sleep_in_bed":10,"minecraft:time_since_rest":718,"minecraft:damage_taken":8456,"minecraft:damage_dealt":7896,"minecraft:player_kills":1,"minecraft:swim_one_cm":114416,"minecraft:fly_one_cm":817181,"minecraft:open_chest":45,"minecraft:crouch_one_cm":26981,"tombstone:undead_killed":8,"minecraft:interact_with_smoker":2,"minecraft:fall_one_cm":124678,"minecraft:inspect_dispenser":1},"minecraft:crafted":{"minecraft:cooked_chicken":1,"minecraft:furnace":1,"minecraft:mushroom_stew":15,"minecraft:stone_pickaxe":1,"minecraft:chest":1,"minecraft:wheat":81,"minecraft:cooked_beef":39,"biomesoplenty:dead_planks":44,"minecraft:cooked_porkchop":9,"minecraft:crafting_table":2,"minecraft:wooden_pickaxe":1,"minecraft:bowl":16,"minecraft:copper_ingot":16,"ribbits:maraca":1,"minecraft:bread":29,"minecraft:air":0,"minecraft:stick":16,"minecraft:iron_ingot":3,"minecraft:iron_pickaxe":1,"minecraft:wooden_axe":2,"minecraft:acacia_planks":36,"minecraft:torch":24},"minecraft:mined":{"minecraft:spruce_planks":41,"minecraft:brewing_stand":1,"minecraft:grass_block":11,"biomesoplenty:white_petals":1,"minecraft:spruce_leaves":12,"minecraft:spawner":3,"minecraft:hay_block":9,"minecraft:magma_block":2,"botania:magenta_mystical_flower":4,"minecraft:furnace":5,"minecraft:iron_ore":6,"minecraft:azure_bluet":1,"minecraft:potatoes":7,"biomesoplenty:high_grass":1,"minecraft:oak_stairs":1,"minecraft:light_gray_concrete":9,"minecraft:packed_ice":8,"botania:brown_mystical_flower":4,"minecraft:end_stone_bricks":2,"minecraft:stone":32,"botania:light_blue_mystical_flower":1,"minecraft:spruce_slab":1,"minecraft:gray_concrete":6,"minecraft:basalt":145,"minecraft:chiseled_quartz_block":4,"minecraft:crafting_table":6,"minecraft:torch":3,"ribbits:swamp_lantern":1,"minecraft:tall_grass":5,"minecraft:cobblestone":1,"biomesoplenty:sprout":4,"minecraft:oak_planks":13,"minecraft:sugar_cane":2,"botania:white_double_flower":1,"botania:blue_double_flower":1,"minecraft:spruce_stairs":1,"botania:cyan_mystical_flower":1,"minecraft:purple_bed":11,"minecraft:mud":1,"minecraft:light_gray_stained_glass":6,"minecraft:sweet_berry_bush":11,"minecraft:wheat":17,"minecraft:pumpkin_stem":1,"biomesoplenty:maple_leaves":9,"minecraft:stone_brick_stairs":1,"minecraft:smooth_stone_slab":1,"minecraft:grass":18,"biomesoplenty:dead_log":62,"botania:white_mystical_flower":4,"minecraft:coal_ore":53,"botania:gray_double_flower":1,"minecraft:sunflower":1,"minecraft:smooth_quartz":8,"minecraft:dirt":8,"minecraft:stripped_birch_wood":10,"botania:gray_mystical_flower":5,"minecraft:smooth_basalt":109,"biomesoplenty:dead_planks":1,"minecraft:acacia_planks":3,"minecraft:stripped_acacia_wood":10,"minecraft:oak_leaves":8,"minecraft:fern":4},"minecraft:picked_up":{"minecraft:crafting_table":6,"minecraft:mud":1,"minecraft:wheat":8,"minecraft:azure_bluet":1,"minecraft:chicken":3,"minecraft:brown_mushroom":13,"minecraft:wooden_pickaxe":1,"minecraft:oak_stairs":1,"minecraft:potion":1,"minecraft:brewing_stand":1,"irons_spellbooks:nature_rune":1,"minecraft:smooth_stone_slab":1,"minecraft:pufferfish":2,"botania:magenta_mystical_flower":8,"biomesoplenty:dead_sapling":4,"irons_spellbooks:arcane_essence":7,"minecraft:bucket":1,"minecraft:spruce_planks":40,"minecraft:beef":53,"irons_spellbooks:epic_ink":1,"minecraft:smooth_quartz":8,"minecraft:spruce_slab":1,"minecraft:sugar_cane":5,"minecraft:furnace":4,"minecraft:egg":1,"minecraft:stick":15,"minecraft:raw_iron":9,"minecraft:torch":2,"minecraft:bowl":9,"minecraft:spruce_stairs":1,"minecraft:porkchop":34,"tombstone:grave_dust":4,"botania:white_mystical_flower":4,"minecraft:rotten_flesh":3,"ribbits:swamp_lantern":1,"relics:solid_snowball":1,"relics:arrow_quiver":1,"minecraft:hay_block":9,"botania:blue_double_flower":1,"minecraft:stripped_birch_wood":9,"alexsmobs:flying_fish":8,"minecraft:cobblestone":31,"minecraft:magma_block":2,"minecraft:feather":3,"minecraft:basalt":144,"minecraft:tripwire_hook":1,"minecraft:leather":8,"minecraft:chiseled_quartz_block":2,"minecraft:red_mushroom":4,"minecraft:potato":7,"biomesoplenty:dead_log":51,"alexsmobs:bison_fur":4,"minecraft:gray_concrete":1,"minecraft:dirt":14,"botania:light_blue_mystical_flower":1,"botania:white_double_flower":1,"irons_spellbooks:hogskin":7,"minecraft:bone":8,"minecraft:acacia_planks":3,"botania:cyan_mystical_flower":1,"minecraft:wheat_seeds":32,"minecraft:iron_ingot":2,"minecraft:glass_bottle":4,"minecraft:oak_planks":13,"botania:gray_mystical_flower":5,"minecraft:smooth_basalt":109,"botania:gray_double_flower":1,"minecraft:sweet_berries":94,"minecraft:stripped_acacia_wood":10,"biomesoplenty:dead_planks":1,"minecraft:light_gray_concrete":6,"biomesoplenty:maple_sapling":1,"minecraft:pumpkin_seeds":1,"minecraft:purple_bed":11,"minecraft:sugar":3,"knightquest:small_essence":2,"minecraft:bread":6,"botania:brown_mystical_flower":4,"minecraft:coal":55},"minecraft:dropped":{"minecraft:bread":1,"ribbits:swamp_lantern":1,"botania:blue_double_flower":1,"minecraft:brown_mushroom":6,"minecraft:wheat_seeds":7,"minecraft:cooked_beef":14,"minecraft:glass_bottle":4,"minecraft:cooked_porkchop":4,"minecraft:feather":3,"minecraft:cobblestone":1,"botania:gray_mystical_flower":5,"minecraft:apple":2,"minecraft:copper_ingot":3,"minecraft:red_mushroom":1,"botania:light_blue_mystical_flower":1,"minecraft:stick":6,"minecraft:pufferfish":1,"minecraft:gray_concrete":1,"minecraft:smooth_quartz":8,"irons_spellbooks:epic_ink":1,"tombstone:grave_dust":1,"irons_spellbooks:arcane_essence":11,"botania:gray_double_flower":1,"botania:white_mystical_flower":4,"irons_spellbooks:nature_rune":1,"minecraft:sweet_berries":9,"minecraft:chiseled_quartz_block":2,"botania:brown_mystical_flower":4,"minecraft:raw_iron":6,"irons_spellbooks:uncommon_ink":1,"minecraft:rotten_flesh":2,"minecraft:light_gray_concrete":2,"minecraft:pumpkin_seeds":1,"patchouli:guide_book":1,"relics:arrow_quiver":1,"minecraft:wooden_pickaxe":2,"botania:magenta_mystical_flower":8,"botania:white_double_flower":1,"minecraft:egg":1},"minecraft:killed":{"alexsmobs:anaconda":1,"creeperoverhaul:snowy_creeper":1,"irons_spellbooks:apothecarist":1,"minecraft:chicken":3,"alexsmobs:bison":5,"alexsmobs:flying_fish":4,"minecraft:pig":8,"minecraft:hoglin":5,"minecraft:zombie":4,"minecraft:wither_skeleton":6,"minecraft:cow":7},"minecraft:used":{"minecraft:stripped_acacia_wood":1,"minecraft:spruce_planks":34,"minecraft:iron_sword":192,"minecraft:stripped_birch_wood":1,"minecraft:cooked_chicken":1,"minecraft:torch":12,"minecraft:dirt":14,"minecraft:wheat":1,"minecraft:wooden_axe":104,"minecraft:iron_boots":2,"minecraft:smooth_basalt":109,"botania:cyan_mystical_flower":1,"minecraft:basalt":144,"minecraft:sweet_berries":102,"minecraft:furnace":4,"tombstone:gift":1,"minecraft:cooked_beef":34,"minecraft:acacia_planks":33,"minecraft:wheat_seeds":24,"minecraft:water_bucket":2,"minecraft:stone_pickaxe":223,"minecraft:oak_planks":2,"minecraft:wooden_pickaxe":46,"minecraft:crafting_table":7,"minecraft:mushroom_stew":15,"biomesoplenty:dead_planks":3,"minecraft:mud":1,"minecraft:apple":4,"minecraft:light_gray_concrete":4,"minecraft:bread":34,"minecraft:iron_pickaxe":130,"minecraft:pufferfish":1,"minecraft:stone_axe":21,"minecraft:cobblestone":18,"minecraft:purple_bed":10,"minecraft:cooked_porkchop":15,"minecraft:bucket":2,"minecraft:smooth_stone_slab":1,"alexsmobs:animal_dictionary":1,"minecraft:splash_potion":1},"minecraft:broken":{"minecraft:stone_pickaxe":1,"minecraft:stone_axe":1,"minecraft:wooden_axe":1}},"DataVersion":3465}