{"stats":{"minecraft:mined":{"minecraft:dark_oak_planks":3,"botania:framed_livingwood":1,"minecraft:black_terracotta":3,"botania:light_blue_mushroom":1,"minecraft:deepslate_tile_wall":1,"minecraft:jungle_log":9,"minecraft:deepslate_bricks":3,"minecraft:oxeye_daisy":1,"minecraft:chiseled_stone_bricks":1,"minecraft:spawner":13,"minecraft:magma_block":4,"minecraft:fire":5,"minecraft:barrel":9,"biomesoplenty:dead_door":3,"minecraft:polished_deepslate_slab":11,"minecraft:quartz_slab":2,"minecraft:oak_stairs":4,"biomesoplenty:webbing":4,"minecraft:light_gray_concrete":9,"botania:brown_mystical_flower":4,"knightquest:great_chalice":1,"biomesoplenty:jacaranda_trapdoor":1,"botania:light_blue_mystical_flower":1,"minecraft:player_head":4,"minecraft:tripwire":4,"minecraft:orange_bed":1,"irons_spellbooks:pedestal":2,"minecraft:red_bed":1,"biomesoplenty:jacaranda_planks":162,"minecraft:amethyst_cluster":1,"minecraft:powder_snow":1,"minecraft:torch":10,"minecraft:note_block":20,"minecraft:melon":12,"minecraft:glass":1,"minecraft:cyan_bed":1,"minecraft:sugar_cane":6,"minecraft:amethyst_block":5,"minecraft:skeleton_skull":1,"minecraft:mud":171,"ribbits:toadstool_stem":1,"minecraft:light_gray_stained_glass":6,"minecraft:wheat":139,"minecraft:pumpkin_stem":1,"minecraft:stone_brick_stairs":4,"minecraft:grass":419,"biomesoplenty:dead_log":148,"minecraft:smooth_quartz":13,"minecraft:stripped_birch_wood":17,"minecraft:smooth_basalt":167,"botania:polished_livingrock":3,"minecraft:deepslate":349,"minecraft:suspicious_gravel":1,"minecraft:deepslate_tiles":27,"biomesoplenty:watergrass":1,"minecraft:mossy_cobblestone":8,"biomesoplenty:dead_fence":10,"minecraft:spruce_fence":24,"minecraft:jungle_planks":2,"biomesoplenty:white_petals":1,"ribbits:toadstool":1,"biomesoplenty:dune_grass":4,"biomesoplenty:jacaranda_log":336,"botania:magenta_mystical_flower":4,"minecraft:packed_mud":1,"biomesoplenty:fir_door":1,"minecraft:potatoes":67,"biomesoplenty:high_grass":23,"botania:apothecary_deepslate":2,"minecraft:bone_block":59,"minecraft:white_wool":1,"minecraft:redstone_block":2,"minecraft:gray_concrete":6,"minecraft:observer":2,"minecraft:dandelion":2,"minecraft:sponge":1,"biomesoplenty:mahogany_planks":2,"biomesoplenty:high_grass_plant":24,"minecraft:copper_ore":8,"minecraft:tall_grass":38,"biomesoplenty:willow_log":49,"minecraft:diorite":15,"minecraft:purple_bed":20,"minecraft:spruce_log":25,"botania:white_mystical_flower":4,"minecraft:sunflower":1,"minecraft:gravel":22,"botania:gray_mystical_flower":5,"minecraft:cobweb":1,"biomesoplenty:dead_planks":5,"minecraft:acacia_planks":6,"minecraft:stone_bricks":12,"minecraft:fern":18,"minecraft:spruce_planks":91,"biomesoplenty:willow_door":2,"minecraft:brewing_stand":1,"biomesoplenty:mahogany_door":2,"minecraft:grass_block":782,"biomesoplenty:jacaranda_stairs":1,"minecraft:mud_bricks":52,"botania:apothecary_default":2,"minecraft:iron_ore":37,"minecraft:azure_bluet":1,"minecraft:dark_oak_stairs":3,"biomesoplenty:hanging_cobweb":2,"minecraft:iron_bars":2,"minecraft:end_stone_bricks":8,"minecraft:spruce_slab":4,"minecraft:deepslate_redstone_ore":1,"irons_spellbooks:alchemist_cauldron":3,"minecraft:polished_deepslate_stairs":15,"biomesoplenty:jacaranda_slab":19,"biomesoplenty:hanging_cobweb_strand":1,"minecraft:chiseled_quartz_block":4,"minecraft:calcite":20,"minecraft:poppy":1,"minecraft:chest":6,"minecraft:cobblestone":17,"minecraft:oak_planks":61,"botania:blue_double_flower":1,"minecraft:wall_torch":77,"minecraft:dark_oak_slab":1,"minecraft:blue_ice":1,"biomesoplenty:maple_leaves":9,"minecraft:tnt":1,"biomesoplenty:fir_log":8,"minecraft:smooth_stone_slab":1,"biomesoplenty:clover":8,"minecraft:oak_log":104,"botania:gray_double_flower":1,"minecraft:sand":138,"minecraft:dirt":90,"minecraft:dispenser":1,"minecraft:netherrack":6,"minecraft:oak_leaves":11,"minecraft:emerald_block":2,"minecraft:tuff":7,"biomesoplenty:jacaranda_fence":42,"minecraft:ladder":4,"botania:livingrock_bricks":2,"minecraft:spruce_leaves":13,"minecraft:acacia_slab":8,"biomesoplenty:jacaranda_sapling":1,"minecraft:hay_block":24,"minecraft:furnace":10,"minecraft:carrots":1,"minecraft:gold_block":5,"minecraft:polished_deepslate":28,"biomesoplenty:sea_oats":5,"minecraft:shroomlight":3,"botania:livingrock":39,"minecraft:packed_ice":9,"irons_spellbooks:firefly_jar":1,"minecraft:stone":176,"minecraft:basalt":151,"minecraft:oak_fence":1,"minecraft:crafting_table":12,"minecraft:honey_block":2,"ribbits:swamp_lantern":2,"minecraft:rose_bush":1,"biomesoplenty:sprout":27,"botania:white_double_flower":1,"minecraft:spruce_stairs":5,"botania:cyan_mystical_flower":1,"minecraft:birch_planks":1,"biomesoplenty:fir_fence":2,"minecraft:sweet_berry_bush":11,"minecraft:ice":2,"minecraft:coal_ore":108,"minecraft:end_rod":7,"minecraft:cracked_stone_bricks":3,"minecraft:terracotta":1,"minecraft:stripped_acacia_wood":20,"minecraft:mossy_stone_bricks":1},"minecraft:killed":{"irons_spellbooks:cryomancer":1,"minecraft:skeleton":32,"irons_spellbooks:apothecarist":1,"alexsmobs:leafcutter_ant":1,"minecraft:chicken":4,"creeperoverhaul:jungle_creeper":1,"creeperoverhaul:cave_creeper":1,"minecraft:pillager":11,"minecraft:zombie":35,"minecraft:cow":18,"alexsmobs:seagull":2,"creeperoverhaul:snowy_creeper":3,"alexsmobs:anaconda":1,"minecraft:spider":4,"minecraft:silverfish":3,"irons_spellbooks:summoned_skeleton":2,"minecraft:pig":16,"irons_spellbooks:necromancer":2,"alexsmobs:fly":1,"irons_spellbooks:summoned_zombie":2,"minecraft:phantom":1,"minecraft:drowned":5,"alexsmobs:bison":5,"alexsmobs:flying_fish":4,"minecraft:hoglin":15,"minecraft:wither_skeleton":9},"minecraft:dropped":{"sophisticatedbackpacks:iron_backpack":1,"ribbits:swamp_lantern":1,"minecraft:iron_sword":1,"irons_spellbooks:rare_ink":1,"minecraft:cooked_beef":14,"minecraft:chorus_fruit":15,"minecraft:glass_bottle":4,"minecraft:cooked_porkchop":47,"minecraft:crossbow":1,"minecraft:saddle":1,"minecraft:red_mushroom":1,"minecraft:dirt":3,"minecraft:gray_concrete":1,"alexsmobs:flying_fish":4,"irons_spellbooks:epic_ink":2,"irons_spellbooks:arcane_essence":20,"minecraft:bone_block":62,"minecraft:bone_meal":36,"minecraft:iron_pickaxe":2,"botania:white_mystical_flower":4,"minecraft:note_block":2,"botania:white_mushroom":6,"alexsmobs:animal_dictionary":1,"minecraft:rotten_flesh":12,"minecraft:oak_planks":15,"alexsmobs:leafcutter_ant_pupa":1,"minecraft:deepslate_tiles":117,"tombstone:scroll_of_knowledge":2,"minecraft:crying_obsidian":1,"botania:white_double_flower":1,"minecraft:egg":1,"botania:blue_double_flower":1,"minecraft:enchanted_book":3,"minecraft:iron_ingot":41,"minecraft:wheat_seeds":17,"botania:livingrock_bricks":13,"minecraft:feather":3,"minecraft:cobblestone":65,"botania:gray_mystical_flower":5,"minecraft:apple":2,"biomesoplenty:jacaranda_planks":258,"botania:light_blue_mystical_flower":1,"biomesoplenty:jacaranda_log":64,"minecraft:pufferfish":1,"minecraft:oxeye_daisy":1,"minecraft:diamond_horse_armor":2,"relics:roller_skates":1,"minecraft:golden_carrot":5,"biomesoplenty:fir_door":1,"botania:gray_double_flower":1,"minecraft:acacia_planks":1,"irons_spellbooks:nature_rune":1,"minecraft:player_head":1,"irons_spellbooks:ice_rune":1,"minecraft:bowl":2,"irons_spellbooks:uncommon_ink":1,"minecraft:light_gray_concrete":2,"minecraft:pumpkin_seeds":1,"botania:livingwood_log":1,"minecraft:bundle":1,"knightquest:small_essence":28,"minecraft:rabbit_stew":1,"irons_spellbooks:iron_spell_book":1,"relics:arrow_quiver":1,"minecraft:magma_block":3,"minecraft:cyan_bed":1,"minecraft:brown_mushroom":6,"botania:livingrock":16,"minecraft:leather":4,"relics:horse_flute":1,"relics:reflection_necklace":1,"alexsmobs:bison_fur":4,"minecraft:netherite_scrap":3,"irons_spellbooks:hogskin":33,"biomesoplenty:flowering_oak_sapling":2,"minecraft:pumpkin_pie":2,"biomesoplenty:dead_fence":111,"minecraft:gold_ingot":1,"botania:brown_mystical_flower":4,"biomesoplenty:jacaranda_slab":7,"sophisticatedbackpacks:diamond_backpack":1,"patchouli:guide_book":2,"minecraft:poppy":1,"minecraft:gunpowder":4,"minecraft:acacia_slab":8,"relics:magma_walker":1,"minecraft:water_bucket":1,"minecraft:bread":44,"irons_spellbooks:legendary_ink":1,"minecraft:copper_ingot":14,"tombstone:scroll_of_mercy":1,"minecraft:stick":6,"irons_spellbooks:scroll":9,"tombstone:magic_scroll":2,"minecraft:torch":6,"minecraft:melon_slice":1,"minecraft:smooth_quartz":8,"tombstone:grave_dust":19,"irons_spellbooks:common_ink":4,"minecraft:iron_axe":1,"minecraft:dandelion":2,"minecraft:polished_deepslate":4,"minecraft:sweet_berries":43,"alexsmobs:maggot":4,"minecraft:chiseled_quartz_block":2,"minecraft:raw_iron":6,"irons_spellbooks:graybeard_staff":1,"minecraft:wither_skeleton_skull":1,"minecraft:filled_map":1,"minecraft:mud_bricks":200,"minecraft:iron_chestplate":4,"minecraft:slime_ball":16,"minecraft:wooden_pickaxe":2,"botania:magenta_mystical_flower":8,"knightquest:steel_sword":1},"minecraft:broken":{"minecraft:iron_boots":1,"minecraft:iron_chestplate":1,"minecraft:iron_sword":1,"minecraft:iron_axe":3,"minecraft:iron_pickaxe":3,"minecraft:iron_shovel":4,"minecraft:stone_pickaxe":1,"minecraft:chainmail_chestplate":1,"minecraft:stone_axe":2,"minecraft:wooden_axe":3,"minecraft:flint_and_steel":3,"minecraft:leather_boots":1},"minecraft:used":{"minecraft:spruce_slab":1,"minecraft:ladder":5,"minecraft:chest":15,"minecraft:stone":39,"minecraft:honey_block":2,"botania:cyan_mystical_flower":1,"minecraft:rabbit_stew":2,"biomesoplenty:jacaranda_sapling":27,"minecraft:sweet_berries":102,"minecraft:furnace":10,"minecraft:potato":63,"minecraft:mossy_stone_bricks":1,"minecraft:damaged_anvil":2,"minecraft:end_stone_bricks":3,"minecraft:wooden_pickaxe":46,"biomesoplenty:jacaranda_planks":728,"minecraft:deepslate_tiles":77,"relics:horse_flute":1,"irons_spellbooks:firefly_jar":1,"botania:polished_livingrock":3,"biomesoplenty:jacaranda_boat":4,"minecraft:pufferfish":1,"minecraft:diamond_sword":582,"biomesoplenty:dead_door":7,"botania:pure_daisy":6,"biomesoplenty:fir_sign":3,"minecraft:oak_boat":1,"minecraft:stripped_acacia_wood":2,"minecraft:torch":200,"minecraft:brewing_stand":1,"minecraft:wheat":1,"biomesoplenty:jacaranda_slab":281,"minecraft:shroomlight":1,"minecraft:iron_axe":916,"minecraft:mud_bricks":103,"minecraft:barrel":12,"minecraft:smooth_basalt":109,"minecraft:basalt":144,"minecraft:goat_horn":3,"tombstone:gift":6,"minecraft:acacia_planks":54,"minecraft:cobbled_deepslate":2,"minecraft:calcite":7,"minecraft:wheat_seeds":149,"minecraft:water_bucket":28,"minecraft:birch_planks":50,"minecraft:deepslate_bricks":8,"minecraft:cracked_stone_bricks":2,"minecraft:polished_deepslate_slab":234,"minecraft:mossy_cobblestone":4,"minecraft:tnt":1,"minecraft:crafting_table":16,"minecraft:red_bed":1,"minecraft:campfire":1,"botania:apothecary_default":2,"minecraft:mud":1,"botania:framed_livingwood":1,"minecraft:diamond_pickaxe":26,"minecraft:iron_pickaxe":1270,"minecraft:cobblestone":34,"minecraft:potion":195,"minecraft:purple_bed":17,"biomesoplenty:dead_trapdoor":1,"minecraft:cooked_porkchop":128,"minecraft:porkchop":2,"biomesoplenty:dead_sapling":13,"minecraft:iron_shovel":1027,"minecraft:polished_deepslate":58,"biomesoplenty:dead_fence":129,"minecraft:iron_sword":239,"minecraft:player_head":3,"minecraft:iron_chestplate":1,"minecraft:jungle_planks":12,"minecraft:carrot":4,"minecraft:obsidian":1,"minecraft:polished_deepslate_stairs":17,"minecraft:glass":109,"minecraft:lantern":18,"minecraft:packed_mud":1,"minecraft:stone_bricks":6,"minecraft:red_carpet":4,"minecraft:magma_block":1,"minecraft:gold_block":1,"minecraft:skeleton_skull":2,"biomesoplenty:fir_fence":2,"minecraft:end_rod":7,"minecraft:stone_pickaxe":223,"minecraft:oak_planks":122,"biomesoplenty:fir_planks":5,"minecraft:redstone_block":1,"minecraft:sugar_cane":1,"minecraft:white_wool":1,"minecraft:mushroom_stew":15,"biomesoplenty:mahogany_door":3,"biomesoplenty:dead_planks":18,"minecraft:sponge":1,"minecraft:note_block":10,"minecraft:black_terracotta":1,"knightquest:witch_chestplate":1,"minecraft:light_gray_concrete":4,"biomesoplenty:willow_door":2,"minecraft:bread":123,"minecraft:melon_slice":42,"minecraft:gravel":3,"botania:livingrock_bricks":18,"minecraft:smooth_stone_slab":1,"minecraft:air":195,"knightquest:steel_sword":19,"minecraft:bone_meal":17,"minecraft:cobweb":1,"minecraft:oak_fence":1,"biomesoplenty:mahogany_planks":31,"minecraft:flint_and_steel":192,"minecraft:spruce_planks":121,"minecraft:stripped_birch_wood":3,"minecraft:cooked_chicken":1,"minecraft:dirt":901,"minecraft:spyglass":3,"ribbits:toadstool_stem":1,"minecraft:spruce_fence":26,"knightquest:great_chalice":2,"minecraft:wooden_axe":169,"minecraft:oak_stairs":3,"minecraft:iron_boots":2,"biomesoplenty:jacaranda_stairs":2,"minecraft:golden_carrot":14,"minecraft:emerald_block":1,"minecraft:cooked_beef":62,"biomesoplenty:dead_log":2,"irons_spellbooks:pedestal":1,"minecraft:iron_leggings":1,"minecraft:amethyst_block":1,"minecraft:glass_bottle":194,"botania:apothecary_deepslate":2,"minecraft:terracotta":1,"irons_spellbooks:alchemist_cauldron":2,"biomesoplenty:jacaranda_trapdoor":1,"minecraft:apple":6,"minecraft:stone_axe":161,"minecraft:fishing_rod":5,"biomesoplenty:fir_door":2,"minecraft:bucket":29,"minecraft:pumpkin_pie":12,"alexsmobs:animal_dictionary":1,"minecraft:splash_potion":1,"cataclysm:obsidian_bricks":4},"minecraft:crafted":{"minecraft:glass":110,"biomesoplenty:jacaranda_trapdoor":2,"knightquest:steel_sword":1,"biomesoplenty:jacaranda_stairs":4,"knightquest:great_essence":6,"minecraft:cooked_porkchop":164,"minecraft:copper_ingot":47,"minecraft:campfire":1,"minecraft:polished_deepslate_slab":222,"minecraft:iron_pickaxe":6,"minecraft:iron_nugget":162,"minecraft:spyglass":1,"minecraft:polished_deepslate_stairs":12,"knightquest:great_chalice":1,"biomesoplenty:dead_fence":225,"minecraft:bone_meal":120,"minecraft:spruce_fence":18,"minecraft:white_carpet":6,"minecraft:lantern":20,"minecraft:ladder":6,"minecraft:stone_pickaxe":1,"minecraft:wheat":189,"biomesoplenty:dead_planks":384,"biomesoplenty:jacaranda_boat":1,"sophisticatedbackpacks:gold_backpack":2,"minecraft:red_carpet":4,"minecraft:deepslate_tiles":180,"biomesoplenty:fir_fence":3,"minecraft:wooden_axe":3,"minecraft:iron_shovel":4,"minecraft:iron_leggings":1,"minecraft:oak_planks":232,"minecraft:packed_mud":192,"minecraft:cooked_chicken":1,"minecraft:stone":103,"minecraft:iron_boots":2,"biomesoplenty:fir_slab":6,"minecraft:chest":11,"minecraft:stone_bricks":4,"biomesoplenty:jacaranda_planks":992,"sophisticatedbackpacks:backpack":2,"minecraft:crafting_table":5,"minecraft:spruce_planks":132,"minecraft:wooden_pickaxe":1,"minecraft:iron_helmet":1,"minecraft:birch_planks":52,"biomesoplenty:jacaranda_slab":282,"biomesoplenty:fir_planks":32,"cataclysm:obsidian_bricks":4,"minecraft:iron_chestplate":1,"minecraft:diamond_pickaxe":1,"minecraft:charcoal":4,"sophisticatedbackpacks:diamond_backpack":1,"minecraft:stick":232,"minecraft:iron_ingot":32,"minecraft:deepslate_bricks":184,"biomesoplenty:fir_door":6,"biomesoplenty:dead_trapdoor":2,"minecraft:furnace":2,"minecraft:mud_bricks":192,"minecraft:mushroom_stew":15,"minecraft:polished_deepslate":348,"minecraft:iron_axe":5,"biomesoplenty:dead_door":3,"sophisticatedbackpacks:iron_backpack":2,"minecraft:cooked_beef":67,"minecraft:red_dye":4,"minecraft:diamond_sword":1,"botania:livingrock_bricks":28,"minecraft:iron_sword":1,"minecraft:bowl":16,"minecraft:stone_axe":1,"biomesoplenty:willow_planks":52,"ribbits:maraca":1,"minecraft:bread":80,"minecraft:air":0,"minecraft:jungle_planks":36,"biomesoplenty:fir_sign":3,"biomesoplenty:mahogany_door":3,"knightquest:empty_goblet":2,"minecraft:acacia_planks":52,"biomesoplenty:willow_door":3,"minecraft:torch":160,"botania:polished_livingrock":28},"minecraft:picked_up":{"minecraft:iron_chestplate":4,"minecraft:lead":8,"minecraft:oak_stairs":4,"minecraft:enchanted_book":2,"minecraft:brewing_stand":2,"botania:light_blue_mushroom":1,"minecraft:amethyst_block":5,"minecraft:polished_deepslate":28,"minecraft:string":10,"irons_spellbooks:graybeard_staff":4,"minecraft:pufferfish":2,"minecraft:shroomlight":4,"minecraft:cobbled_deepslate":350,"minecraft:spruce_planks":89,"minecraft:melon_slice":85,"botania:livingrock_bricks":3,"botania:white_mystical_flower":4,"botania:livingrock":44,"relics:horse_flute":1,"botania:livingwood_log":1,"minecraft:end_rod":7,"botania:blue_double_flower":1,"minecraft:iron_bars":2,"alexsmobs:flying_fish":20,"minecraft:sponge":2,"minecraft:magma_block":5,"minecraft:feather":81,"minecraft:water_bucket":1,"minecraft:jungle_log":17,"biomesoplenty:dead_log":185,"biomesoplenty:fir_log":24,"alexsmobs:bison_fur":16,"minecraft:flint":10,"cataclysm:obsidian_bricks":2,"minecraft:gray_concrete":1,"botania:livingrock_slate":3,"botania:white_double_flower":1,"irons_spellbooks:pedestal":1,"ribbits:maraca":1,"biomesoplenty:mahogany_planks":16,"botania:gray_double_flower":1,"patchouli:guide_book":1,"irons_spellbooks:legendary_ink":1,"minecraft:stripped_acacia_wood":20,"sophisticatedbackpacks:iron_backpack":1,"minecraft:barrel":12,"irons_spellbooks:ice_rune":1,"minecraft:dispenser":1,"biomesoplenty:willow_log":134,"knightquest:filled_goblet":1,"knightquest:small_essence":100,"minecraft:bread":58,"alexsmobs:maggot":4,"minecraft:mud":193,"minecraft:crafting_table":12,"minecraft:leather_leggings":3,"biomesoplenty:jacaranda_sapling":131,"ribbits:toadstool_stem":1,"biomesoplenty:fir_door":1,"minecraft:red_bed":1,"minecraft:flint_and_steel":1,"biomesoplenty:jacaranda_slab":34,"minecraft:cracked_stone_bricks":3,"botania:pure_daisy":6,"minecraft:beef":81,"minecraft:poppy":9,"minecraft:spruce_slab":4,"minecraft:chest":8,"minecraft:egg":1,"relics:magma_walker":1,"minecraft:polished_deepslate_slab":56,"minecraft:spruce_fence":25,"minecraft:carrot":5,"minecraft:redstone":8,"irons_spellbooks:alchemist_cauldron":2,"minecraft:tnt":2,"minecraft:cooked_cod":2,"biomesoplenty:jacaranda_log":312,"botania:apothecary_default":2,"minecraft:deepslate_bricks":4,"relics:arrow_quiver":1,"minecraft:hay_block":24,"minecraft:gold_ingot":88,"botania:green_mystical_flower":1,"minecraft:bone_block":62,"minecraft:white_wool":2,"minecraft:oxeye_daisy":3,"minecraft:mud_bricks":49,"minecraft:tripwire_hook":1,"minecraft:red_mushroom":4,"minecraft:packed_mud":1,"minecraft:oak_log":164,"minecraft:white_banner":2,"tombstone:gift":1,"minecraft:apple":14,"minecraft:stone_bricks":12,"minecraft:glass_bottle":4,"minecraft:dark_oak_stairs":1,"minecraft:smooth_basalt":167,"minecraft:sweet_berries":162,"minecraft:spyglass":1,"minecraft:gravel":16,"minecraft:spruce_sapling":1,"minecraft:spruce_log":25,"minecraft:crying_obsidian":1,"biomesoplenty:flowering_oak_sapling":18,"biomesoplenty:willow_door":2,"biomesoplenty:mahogany_log":24,"biomesoplenty:maple_sapling":1,"minecraft:purple_bed":19,"minecraft:slime_ball":48,"tombstone:scroll_of_knowledge":3,"botania:brown_mystical_flower":5,"minecraft:ender_pearl":1,"irons_spellbooks:scroll":2,"minecraft:wheat":312,"minecraft:redstone_block":2,"minecraft:potion":4,"minecraft:stone_brick_stairs":2,"knightquest:steel_sword":1,"minecraft:raw_copper":31,"irons_spellbooks:nature_rune":1,"minecraft:smooth_stone_slab":1,"irons_spellbooks:arcane_essence":14,"biomesoplenty:dead_sapling":21,"minecraft:deepslate_tiles":51,"minecraft:bucket":1,"minecraft:rose_bush":1,"minecraft:calcite":20,"minecraft:ender_eye":1,"minecraft:smooth_quartz":12,"minecraft:deepslate_tile_wall":1,"minecraft:iron_boots":2,"minecraft:furnace":9,"minecraft:stick":166,"minecraft:oak_fence":1,"minecraft:polished_deepslate_stairs":14,"minecraft:torch":92,"minecraft:spruce_stairs":8,"minecraft:porkchop":82,"tombstone:grave_dust":38,"minecraft:diorite":15,"biomesoplenty:dead_door":5,"minecraft:rotten_flesh":33,"biomesoplenty:mahogany_sapling":6,"minecraft:stripped_birch_wood":16,"minecraft:obsidian":23,"minecraft:cobblestone":197,"relics:roller_skates":1,"minecraft:chiseled_quartz_block":2,"minecraft:potato":233,"minecraft:tuff":7,"minecraft:dirt":978,"minecraft:leather_boots":3,"irons_spellbooks:hogskin":20,"minecraft:glass":27,"minecraft:bone":161,"botania:cyan_mystical_flower":1,"minecraft:acacia_planks":6,"minecraft:bow":1,"minecraft:wheat_seeds":506,"minecraft:mossy_stone_bricks":1,"botania:gray_mystical_flower":5,"minecraft:oak_planks":71,"irons_spellbooks:firefly_jar":1,"minecraft:black_terracotta":3,"minecraft:cooked_porkchop":4,"biomesoplenty:jacaranda_boat":4,"minecraft:poisonous_potato":1,"minecraft:jungle_planks":10,"minecraft:sand":137,"biomesoplenty:fir_fence":5,"minecraft:cyan_bed":1,"minecraft:mossy_cobblestone":6,"tombstone:scroll_of_mercy":3,"minecraft:light_gray_concrete":6,"minecraft:sugar":3,"minecraft:diamond":25,"minecraft:crossbow":1,"minecraft:golden_apple":4,"biomesoplenty:dead_fence":13,"minecraft:emerald":1,"minecraft:oak_sapling":62,"minecraft:netherrack":3,"minecraft:end_stone_bricks":4,"minecraft:fishing_rod":2,"minecraft:azure_bluet":1,"minecraft:ladder":3,"minecraft:chicken":5,"botania:white_mushroom":6,"minecraft:brown_mushroom":13,"minecraft:wooden_pickaxe":1,"minecraft:gold_block":7,"minecraft:diamond_horse_armor":1,"biomesoplenty:jacaranda_fence":41,"botania:magenta_mystical_flower":8,"biomesoplenty:willow_planks":44,"botania:framed_livingwood":1,"minecraft:oak_boat":1,"minecraft:player_head":5,"irons_spellbooks:epic_ink":2,"minecraft:observer":2,"minecraft:sugar_cane":39,"minecraft:raw_iron":38,"minecraft:copper_ingot":1,"minecraft:bowl":9,"minecraft:note_block":27,"knightquest:great_chalice":1,"alexsmobs:leafcutter_ant_pupa":4,"minecraft:dark_oak_planks":4,"biomesoplenty:jacaranda_trapdoor":1,"minecraft:arrow":77,"biomesoplenty:willow_sapling":42,"minecraft:pumpkin_pie":14,"ribbits:swamp_lantern":2,"relics:solid_snowball":1,"minecraft:saddle":5,"minecraft:skeleton_skull":3,"minecraft:basalt":150,"minecraft:golden_carrot":2,"minecraft:leather":59,"minecraft:birch_planks":1,"biomesoplenty:jacaranda_planks":165,"minecraft:gunpowder":12,"botania:light_blue_mystical_flower":1,"irons_spellbooks:common_ink":1,"minecraft:iron_ingot":71,"botania:apothecary_deepslate":2,"minecraft:emerald_block":3,"minecraft:chiseled_stone_bricks":2,"minecraft:dandelion":9,"biomesoplenty:dead_planks":7,"minecraft:amethyst_shard":46,"minecraft:pumpkin_seeds":1,"biomesoplenty:mahogany_door":2,"minecraft:honey_block":2,"botania:polished_livingrock":3,"minecraft:chainmail_leggings":3,"minecraft:acacia_slab":8,"minecraft:terracotta":39,"tombstone:magic_scroll":3,"minecraft:damaged_anvil":3,"minecraft:coal":151},"minecraft:killed_by":{"minecraft:wither_skeleton":1,"minecraft:player":1,"minecraft:hoglin":1},"minecraft:custom":{"minecraft:interact_with_crafting_table":155,"minecraft:open_barrel":142,"minecraft:bell_ring":2,"minecraft:eat_cake_slice":4,"minecraft:leave_game":13,"minecraft:time_since_death":324556,"minecraft:play_time":935493,"minecraft:deaths":18,"tombstone:tomb_raiding":1,"minecraft:jump":14021,"minecraft:interact_with_furnace":193,"minecraft:traded_with_villager":1,"minecraft:sleep_in_bed":17,"minecraft:damage_dealt":39817,"tombstone:undead_killed":86,"minecraft:interact_with_smoker":2,"minecraft:inspect_dispenser":1,"minecraft:interact_with_anvil":3,"minecraft:damage_dealt_absorbed":74,"minecraft:sneak_time":47769,"minecraft:interact_with_blast_furnace":1,"minecraft:total_world_time":935493,"tombstone:raider_killed":12,"minecraft:tune_noteblock":389,"minecraft:time_since_rest":79986,"minecraft:swim_one_cm":645063,"minecraft:fly_one_cm":2563835,"minecraft:open_chest":648,"minecraft:fall_one_cm":435861,"minecraft:damage_resisted":4,"minecraft:sprint_one_cm":1900643,"minecraft:drop":299,"minecraft:play_noteblock":799,"minecraft:interact_with_brewingstand":3,"minecraft:walk_on_water_one_cm":114963,"minecraft:player_kills":2,"minecraft:crouch_one_cm":153507,"minecraft:mob_kills":183,"minecraft:damage_dealt_resisted":87,"minecraft:climb_one_cm":60863,"minecraft:walk_one_cm":3061363,"minecraft:walk_under_water_one_cm":190924,"minecraft:boat_one_cm":403942,"minecraft:raid_trigger":1,"minecraft:damage_taken":29201}},"DataVersion":3465}