{"stats":{"minecraft:custom":{"minecraft:mob_kills":49,"minecraft:interact_with_crafting_table":19,"minecraft:open_barrel":44,"minecraft:bell_ring":2,"minecraft:damage_dealt_resisted":87,"minecraft:eat_cake_slice":4,"minecraft:leave_game":8,"minecraft:time_since_death":0,"minecraft:climb_one_cm":27662,"minecraft:sprint_one_cm":524379,"minecraft:walk_one_cm":745714,"minecraft:drop":94,"minecraft:damage_dealt_absorbed":74,"minecraft:play_time":247655,"minecraft:deaths":8,"minecraft:sneak_time":11715,"minecraft:walk_under_water_one_cm":38167,"tombstone:tomb_raiding":1,"minecraft:interact_with_brewingstand":2,"minecraft:jump":5581,"minecraft:interact_with_blast_furnace":1,"minecraft:walk_on_water_one_cm":32269,"minecraft:total_world_time":247655,"minecraft:interact_with_furnace":85,"minecraft:traded_with_villager":1,"minecraft:sleep_in_bed":11,"minecraft:time_since_rest":0,"minecraft:damage_taken":11731,"minecraft:damage_dealt":8378,"minecraft:player_kills":2,"minecraft:swim_one_cm":275888,"minecraft:fly_one_cm":881649,"minecraft:open_chest":52,"minecraft:crouch_one_cm":32141,"tombstone:undead_killed":10,"minecraft:interact_with_smoker":2,"minecraft:fall_one_cm":137213,"minecraft:inspect_dispenser":1},"minecraft:crafted":{"minecraft:cooked_chicken":1,"minecraft:furnace":1,"minecraft:mushroom_stew":15,"minecraft:stone_pickaxe":1,"minecraft:chest":1,"minecraft:wheat":81,"minecraft:cooked_beef":39,"biomesoplenty:dead_planks":44,"minecraft:cooked_porkchop":43,"minecraft:crafting_table":2,"minecraft:wooden_pickaxe":1,"minecraft:bowl":16,"minecraft:copper_ingot":16,"minecraft:birch_planks":52,"ribbits:maraca":1,"minecraft:bread":29,"minecraft:air":0,"minecraft:stick":20,"minecraft:iron_ingot":3,"minecraft:iron_pickaxe":1,"minecraft:wooden_axe":3,"minecraft:acacia_planks":40,"minecraft:torch":24},"minecraft:mined":{"minecraft:spruce_planks":49,"minecraft:brewing_stand":1,"minecraft:grass_block":11,"minecraft:jungle_planks":2,"biomesoplenty:white_petals":1,"minecraft:spruce_leaves":12,"minecraft:acacia_slab":8,"minecraft:spawner":4,"minecraft:hay_block":9,"minecraft:magma_block":2,"botania:magenta_mystical_flower":4,"minecraft:furnace":5,"minecraft:iron_ore":6,"minecraft:azure_bluet":1,"minecraft:potatoes":7,"biomesoplenty:high_grass":1,"minecraft:oak_stairs":1,"minecraft:light_gray_concrete":9,"minecraft:packed_ice":8,"botania:brown_mystical_flower":4,"minecraft:end_stone_bricks":7,"minecraft:stone":32,"botania:light_blue_mystical_flower":1,"minecraft:spruce_slab":1,"minecraft:gray_concrete":6,"minecraft:basalt":149,"minecraft:chiseled_quartz_block":4,"minecraft:oak_fence":1,"minecraft:crafting_table":6,"minecraft:torch":3,"ribbits:swamp_lantern":1,"minecraft:tall_grass":5,"minecraft:cobblestone":1,"biomesoplenty:sprout":4,"minecraft:oak_planks":15,"minecraft:sugar_cane":2,"botania:white_double_flower":1,"botania:blue_double_flower":1,"minecraft:spruce_stairs":1,"minecraft:purple_bed":11,"botania:cyan_mystical_flower":1,"minecraft:birch_planks":1,"minecraft:mud":1,"minecraft:light_gray_stained_glass":6,"minecraft:sweet_berry_bush":11,"minecraft:wheat":17,"minecraft:pumpkin_stem":1,"biomesoplenty:maple_leaves":9,"minecraft:stone_brick_stairs":1,"minecraft:smooth_stone_slab":1,"minecraft:grass":18,"biomesoplenty:dead_log":62,"botania:white_mystical_flower":4,"minecraft:coal_ore":53,"botania:gray_double_flower":1,"minecraft:sunflower":1,"minecraft:smooth_quartz":8,"minecraft:dirt":8,"botania:gray_mystical_flower":5,"minecraft:stripped_birch_wood":17,"minecraft:smooth_basalt":109,"biomesoplenty:dead_planks":1,"minecraft:acacia_planks":4,"minecraft:stripped_acacia_wood":11,"minecraft:oak_leaves":9,"minecraft:fern":4},"minecraft:picked_up":{"minecraft:end_stone_bricks":4,"minecraft:crafting_table":6,"minecraft:mud":1,"minecraft:wheat":8,"minecraft:azure_bluet":1,"minecraft:chicken":3,"minecraft:brown_mushroom":13,"minecraft:wooden_pickaxe":1,"minecraft:oak_stairs":1,"minecraft:potion":1,"minecraft:brewing_stand":1,"irons_spellbooks:nature_rune":1,"minecraft:smooth_stone_slab":1,"minecraft:pufferfish":2,"botania:magenta_mystical_flower":8,"biomesoplenty:dead_sapling":4,"irons_spellbooks:arcane_essence":7,"minecraft:bucket":1,"minecraft:spruce_planks":48,"minecraft:beef":53,"irons_spellbooks:epic_ink":1,"minecraft:smooth_quartz":8,"minecraft:spruce_slab":1,"minecraft:sugar_cane":5,"minecraft:furnace":4,"minecraft:egg":1,"minecraft:stick":15,"minecraft:raw_iron":9,"minecraft:oak_fence":1,"minecraft:torch":2,"minecraft:bowl":9,"minecraft:spruce_stairs":1,"minecraft:porkchop":38,"tombstone:grave_dust":4,"botania:white_mystical_flower":4,"minecraft:rotten_flesh":4,"ribbits:swamp_lantern":1,"relics:solid_snowball":1,"relics:arrow_quiver":1,"minecraft:hay_block":9,"botania:blue_double_flower":1,"minecraft:stripped_birch_wood":16,"alexsmobs:flying_fish":8,"minecraft:cobblestone":31,"minecraft:magma_block":2,"minecraft:feather":3,"minecraft:basalt":148,"minecraft:tripwire_hook":1,"minecraft:leather":8,"minecraft:chiseled_quartz_block":2,"minecraft:red_mushroom":4,"minecraft:potato":7,"biomesoplenty:dead_log":51,"minecraft:birch_planks":1,"alexsmobs:bison_fur":4,"minecraft:gray_concrete":1,"minecraft:dirt":14,"botania:light_blue_mystical_flower":1,"botania:white_double_flower":1,"irons_spellbooks:hogskin":7,"minecraft:bone":10,"minecraft:acacia_planks":4,"botania:cyan_mystical_flower":1,"minecraft:wheat_seeds":32,"minecraft:iron_ingot":2,"minecraft:glass_bottle":4,"minecraft:oak_planks":18,"botania:gray_mystical_flower":5,"minecraft:smooth_basalt":109,"botania:gray_double_flower":1,"minecraft:sweet_berries":94,"minecraft:stripped_acacia_wood":11,"biomesoplenty:dead_planks":1,"minecraft:jungle_planks":2,"minecraft:light_gray_concrete":6,"biomesoplenty:maple_sapling":1,"minecraft:pumpkin_seeds":1,"minecraft:purple_bed":11,"minecraft:sugar":3,"knightquest:small_essence":2,"minecraft:bread":6,"minecraft:acacia_slab":8,"botania:brown_mystical_flower":4,"minecraft:coal":55},"minecraft:dropped":{"minecraft:enchanted_book":2,"minecraft:bread":12,"ribbits:swamp_lantern":1,"botania:blue_double_flower":1,"minecraft:iron_sword":1,"minecraft:brown_mushroom":6,"minecraft:wheat_seeds":7,"minecraft:cooked_beef":14,"minecraft:chorus_fruit":15,"minecraft:glass_bottle":4,"minecraft:cooked_porkchop":10,"minecraft:feather":3,"minecraft:cobblestone":1,"botania:gray_mystical_flower":5,"minecraft:leather":4,"minecraft:apple":2,"minecraft:saddle":1,"minecraft:copper_ingot":3,"minecraft:red_mushroom":1,"minecraft:pufferfish":1,"botania:light_blue_mystical_flower":1,"minecraft:stick":6,"irons_spellbooks:scroll":1,"minecraft:gray_concrete":1,"minecraft:netherite_scrap":3,"minecraft:golden_carrot":5,"irons_spellbooks:hogskin":16,"minecraft:smooth_quartz":8,"irons_spellbooks:epic_ink":1,"tombstone:grave_dust":1,"irons_spellbooks:arcane_essence":11,"botania:gray_double_flower":1,"botania:white_mystical_flower":4,"irons_spellbooks:nature_rune":1,"minecraft:acacia_planks":1,"minecraft:gold_ingot":1,"minecraft:sweet_berries":9,"minecraft:chiseled_quartz_block":2,"botania:brown_mystical_flower":4,"minecraft:raw_iron":6,"irons_spellbooks:uncommon_ink":1,"minecraft:rotten_flesh":3,"minecraft:wither_skeleton_skull":1,"minecraft:light_gray_concrete":2,"minecraft:pumpkin_seeds":1,"patchouli:guide_book":1,"minecraft:bundle":1,"minecraft:acacia_slab":8,"knightquest:small_essence":1,"irons_spellbooks:iron_spell_book":1,"relics:arrow_quiver":1,"minecraft:wooden_pickaxe":2,"minecraft:magma_block":2,"botania:magenta_mystical_flower":8,"botania:white_double_flower":1,"minecraft:egg":1},"minecraft:killed":{"alexsmobs:anaconda":1,"creeperoverhaul:snowy_creeper":1,"irons_spellbooks:apothecarist":1,"minecraft:chicken":3,"alexsmobs:bison":5,"alexsmobs:flying_fish":4,"minecraft:pig":8,"minecraft:hoglin":6,"minecraft:zombie":6,"minecraft:wither_skeleton":6,"minecraft:cow":7},"minecraft:used":{"minecraft:stripped_acacia_wood":1,"minecraft:spruce_planks":34,"minecraft:iron_sword":202,"minecraft:stripped_birch_wood":3,"minecraft:cooked_chicken":1,"minecraft:torch":12,"minecraft:dirt":14,"minecraft:wheat":1,"minecraft:jungle_planks":12,"minecraft:wooden_axe":124,"minecraft:iron_boots":2,"minecraft:smooth_basalt":109,"botania:cyan_mystical_flower":1,"minecraft:basalt":144,"minecraft:golden_carrot":4,"minecraft:sweet_berries":102,"minecraft:furnace":4,"tombstone:gift":3,"minecraft:cooked_beef":34,"minecraft:acacia_planks":43,"minecraft:wheat_seeds":24,"minecraft:water_bucket":6,"minecraft:end_stone_bricks":1,"minecraft:birch_planks":48,"minecraft:stone_pickaxe":223,"minecraft:oak_planks":11,"minecraft:wooden_pickaxe":46,"minecraft:crafting_table":7,"minecraft:mushroom_stew":15,"biomesoplenty:dead_planks":3,"minecraft:mud":1,"minecraft:apple":4,"minecraft:light_gray_concrete":4,"minecraft:iron_pickaxe":140,"minecraft:bread":35,"minecraft:pufferfish":1,"minecraft:stone_axe":21,"minecraft:cobblestone":18,"minecraft:purple_bed":10,"minecraft:bucket":6,"minecraft:cooked_porkchop":38,"minecraft:smooth_stone_slab":1,"alexsmobs:animal_dictionary":1,"minecraft:splash_potion":1},"minecraft:killed_by":{"minecraft:wither_skeleton":1,"minecraft:hoglin":1},"minecraft:broken":{"minecraft:stone_pickaxe":1,"minecraft:stone_axe":1,"minecraft:wooden_axe":2}},"DataVersion":3465}