{"stats":{"minecraft:killed_by":{"minecraft:player":1,"minecraft:wither_skeleton":1,"minecraft:hoglin":1},"minecraft:killed":{"alexsmobs:anaconda":1,"minecraft:spider":2,"minecraft:phantom":1,"creeperoverhaul:snowy_creeper":1,"irons_spellbooks:apothecarist":1,"alexsmobs:leafcutter_ant":1,"minecraft:chicken":3,"alexsmobs:bison":5,"alexsmobs:flying_fish":4,"minecraft:pig":8,"minecraft:hoglin":15,"minecraft:zombie":8,"minecraft:wither_skeleton":9,"minecraft:cow":7},"minecraft:broken":{"minecraft:iron_boots":1,"minecraft:stone_pickaxe":1,"minecraft:leather_boots":1,"minecraft:stone_axe":1,"minecraft:iron_sword":1,"minecraft:wooden_axe":3},"minecraft:dropped":{"minecraft:enchanted_book":3,"ribbits:swamp_lantern":1,"minecraft:bread":12,"botania:blue_double_flower":1,"minecraft:iron_sword":1,"minecraft:brown_mushroom":6,"minecraft:wheat_seeds":7,"minecraft:cooked_beef":14,"minecraft:chorus_fruit":15,"minecraft:glass_bottle":4,"minecraft:cooked_porkchop":31,"minecraft:feather":3,"minecraft:cobblestone":1,"botania:gray_mystical_flower":5,"minecraft:leather":4,"minecraft:apple":2,"minecraft:saddle":1,"minecraft:copper_ingot":3,"minecraft:red_mushroom":1,"minecraft:pufferfish":1,"botania:light_blue_mystical_flower":1,"minecraft:stick":6,"irons_spellbooks:scroll":1,"minecraft:gray_concrete":1,"minecraft:netherite_scrap":3,"minecraft:golden_carrot":5,"irons_spellbooks:hogskin":32,"minecraft:smooth_quartz":8,"irons_spellbooks:epic_ink":1,"tombstone:grave_dust":1,"irons_spellbooks:arcane_essence":11,"botania:gray_double_flower":1,"botania:white_mystical_flower":4,"irons_spellbooks:nature_rune":1,"minecraft:acacia_planks":1,"minecraft:gold_ingot":1,"minecraft:sweet_berries":9,"minecraft:chiseled_quartz_block":2,"botania:brown_mystical_flower":4,"minecraft:raw_iron":6,"irons_spellbooks:uncommon_ink":1,"minecraft:rotten_flesh":6,"minecraft:wither_skeleton_skull":1,"minecraft:light_gray_concrete":2,"minecraft:pumpkin_seeds":1,"patchouli:guide_book":1,"minecraft:bundle":1,"minecraft:acacia_slab":8,"knightquest:small_essence":1,"irons_spellbooks:iron_spell_book":1,"relics:arrow_quiver":1,"minecraft:wooden_pickaxe":2,"minecraft:magma_block":2,"botania:magenta_mystical_flower":8,"botania:white_double_flower":1,"minecraft:egg":1},"minecraft:picked_up":{"minecraft:end_stone_bricks":4,"minecraft:mud":1,"minecraft:crafting_table":6,"minecraft:wheat":8,"minecraft:azure_bluet":1,"minecraft:chicken":3,"minecraft:brown_mushroom":13,"minecraft:wooden_pickaxe":1,"minecraft:oak_stairs":4,"minecraft:potion":2,"minecraft:brewing_stand":1,"minecraft:string":3,"irons_spellbooks:graybeard_staff":1,"irons_spellbooks:nature_rune":1,"minecraft:smooth_stone_slab":1,"minecraft:pufferfish":2,"botania:magenta_mystical_flower":8,"biomesoplenty:dead_sapling":4,"irons_spellbooks:arcane_essence":7,"minecraft:bucket":1,"minecraft:spruce_planks":68,"minecraft:beef":53,"irons_spellbooks:epic_ink":1,"minecraft:smooth_quartz":8,"minecraft:spruce_slab":2,"minecraft:sugar_cane":5,"minecraft:furnace":4,"minecraft:egg":1,"minecraft:stick":15,"minecraft:raw_iron":9,"minecraft:oak_fence":1,"minecraft:torch":2,"minecraft:bowl":9,"minecraft:spruce_stairs":2,"minecraft:porkchop":52,"tombstone:grave_dust":5,"alexsmobs:leafcutter_ant_pupa":1,"botania:white_mystical_flower":4,"minecraft:rotten_flesh":7,"ribbits:swamp_lantern":1,"relics:solid_snowball":1,"relics:arrow_quiver":1,"minecraft:hay_block":9,"botania:blue_double_flower":1,"minecraft:stripped_birch_wood":16,"alexsmobs:flying_fish":8,"minecraft:cobblestone":31,"minecraft:magma_block":2,"minecraft:feather":3,"minecraft:basalt":148,"minecraft:tripwire_hook":1,"minecraft:leather":10,"minecraft:chiseled_quartz_block":2,"minecraft:red_mushroom":4,"minecraft:potato":7,"biomesoplenty:dead_log":51,"minecraft:birch_planks":1,"alexsmobs:bison_fur":4,"minecraft:gray_concrete":1,"minecraft:dirt":14,"botania:light_blue_mystical_flower":1,"botania:white_double_flower":1,"irons_spellbooks:hogskin":17,"minecraft:bone":18,"minecraft:acacia_planks":6,"botania:cyan_mystical_flower":1,"minecraft:wheat_seeds":32,"minecraft:iron_ingot":2,"minecraft:glass_bottle":4,"biomesoplenty:mahogany_planks":1,"minecraft:oak_planks":31,"botania:gray_mystical_flower":5,"minecraft:smooth_basalt":109,"botania:gray_double_flower":1,"minecraft:cooked_porkchop":4,"minecraft:sweet_berries":94,"minecraft:stripped_acacia_wood":20,"biomesoplenty:dead_planks":1,"minecraft:jungle_planks":2,"minecraft:light_gray_concrete":6,"biomesoplenty:maple_sapling":1,"minecraft:pumpkin_seeds":1,"minecraft:purple_bed":11,"minecraft:sugar":3,"knightquest:small_essence":6,"minecraft:bread":6,"minecraft:acacia_slab":8,"botania:brown_mystical_flower":4,"minecraft:coal":58},"minecraft:used":{"minecraft:oak_fence":1,"minecraft:stripped_acacia_wood":2,"minecraft:spruce_slab":1,"minecraft:spruce_planks":65,"minecraft:iron_sword":239,"minecraft:stripped_birch_wood":3,"minecraft:cooked_chicken":1,"minecraft:torch":16,"minecraft:dirt":15,"minecraft:wheat":1,"minecraft:jungle_planks":12,"minecraft:wooden_axe":169,"minecraft:oak_stairs":3,"minecraft:iron_boots":2,"minecraft:smooth_basalt":109,"botania:cyan_mystical_flower":1,"minecraft:basalt":144,"minecraft:golden_carrot":9,"minecraft:sweet_berries":102,"minecraft:furnace":4,"minecraft:skeleton_skull":1,"tombstone:gift":3,"minecraft:cooked_beef":34,"minecraft:acacia_planks":54,"minecraft:wheat_seeds":24,"minecraft:water_bucket":9,"minecraft:end_stone_bricks":3,"minecraft:birch_planks":50,"minecraft:stone_pickaxe":223,"minecraft:oak_planks":23,"minecraft:wooden_pickaxe":46,"minecraft:sugar_cane":1,"minecraft:crafting_table":7,"minecraft:mushroom_stew":15,"biomesoplenty:dead_planks":3,"minecraft:mud":1,"minecraft:apple":4,"minecraft:light_gray_concrete":4,"minecraft:iron_pickaxe":143,"minecraft:bread":35,"minecraft:pufferfish":1,"minecraft:stone_axe":27,"minecraft:diamond_sword":38,"minecraft:cobblestone":18,"minecraft:purple_bed":10,"minecraft:bucket":10,"minecraft:cooked_porkchop":76,"minecraft:smooth_stone_slab":1,"alexsmobs:animal_dictionary":1,"minecraft:splash_potion":1,"biomesoplenty:mahogany_planks":31},"minecraft:custom":{"minecraft:mob_kills":67,"minecraft:interact_with_crafting_table":23,"minecraft:open_barrel":61,"minecraft:bell_ring":2,"minecraft:damage_dealt_resisted":87,"minecraft:eat_cake_slice":4,"minecraft:leave_game":9,"minecraft:time_since_death":12063,"minecraft:climb_one_cm":29606,"minecraft:sprint_one_cm":563011,"minecraft:walk_one_cm":893679,"minecraft:drop":120,"minecraft:damage_dealt_absorbed":74,"minecraft:play_time":323329,"minecraft:deaths":12,"minecraft:sneak_time":14845,"minecraft:walk_under_water_one_cm":108177,"tombstone:tomb_raiding":1,"minecraft:interact_with_brewingstand":2,"minecraft:jump":6053,"minecraft:interact_with_blast_furnace":1,"minecraft:walk_on_water_one_cm":46543,"minecraft:total_world_time":323329,"minecraft:interact_with_furnace":93,"tombstone:raider_killed":1,"minecraft:traded_with_villager":1,"minecraft:sleep_in_bed":11,"minecraft:time_since_rest":9813,"minecraft:damage_taken":16453,"minecraft:damage_dealt":12776,"minecraft:player_kills":2,"minecraft:swim_one_cm":326306,"minecraft:fly_one_cm":961064,"minecraft:open_chest":107,"minecraft:crouch_one_cm":38539,"tombstone:undead_killed":16,"minecraft:interact_with_smoker":2,"minecraft:fall_one_cm":152502,"minecraft:inspect_dispenser":1},"minecraft:mined":{"minecraft:spruce_planks":70,"minecraft:brewing_stand":1,"minecraft:grass_block":11,"minecraft:jungle_planks":2,"biomesoplenty:white_petals":1,"minecraft:spruce_leaves":12,"minecraft:acacia_slab":8,"minecraft:spawner":7,"minecraft:hay_block":9,"minecraft:magma_block":2,"botania:magenta_mystical_flower":4,"minecraft:furnace":5,"minecraft:iron_ore":6,"minecraft:azure_bluet":1,"minecraft:potatoes":7,"biomesoplenty:high_grass":1,"minecraft:oak_stairs":4,"minecraft:light_gray_concrete":9,"minecraft:packed_ice":8,"botania:brown_mystical_flower":4,"minecraft:end_stone_bricks":7,"minecraft:stone":32,"botania:light_blue_mystical_flower":1,"minecraft:spruce_slab":2,"minecraft:gray_concrete":6,"minecraft:basalt":149,"minecraft:chiseled_quartz_block":4,"minecraft:oak_fence":1,"minecraft:crafting_table":6,"minecraft:torch":3,"biomesoplenty:mahogany_planks":1,"ribbits:swamp_lantern":1,"minecraft:tall_grass":6,"minecraft:cobblestone":1,"biomesoplenty:sprout":9,"minecraft:oak_planks":32,"minecraft:sugar_cane":2,"botania:white_double_flower":1,"botania:blue_double_flower":1,"minecraft:spruce_stairs":2,"minecraft:purple_bed":11,"botania:cyan_mystical_flower":1,"minecraft:birch_planks":1,"minecraft:mud":1,"minecraft:light_gray_stained_glass":6,"minecraft:sweet_berry_bush":11,"minecraft:wheat":17,"minecraft:pumpkin_stem":1,"biomesoplenty:maple_leaves":9,"minecraft:stone_brick_stairs":1,"minecraft:smooth_stone_slab":1,"minecraft:grass":18,"biomesoplenty:dead_log":62,"botania:white_mystical_flower":4,"minecraft:coal_ore":53,"botania:gray_double_flower":1,"minecraft:sunflower":1,"minecraft:smooth_quartz":8,"minecraft:dirt":8,"botania:gray_mystical_flower":5,"minecraft:stripped_birch_wood":17,"minecraft:smooth_basalt":109,"biomesoplenty:dead_planks":1,"minecraft:acacia_planks":6,"minecraft:stripped_acacia_wood":20,"minecraft:oak_leaves":9,"minecraft:fern":4},"minecraft:crafted":{"minecraft:spyglass":1,"minecraft:cooked_chicken":1,"minecraft:furnace":1,"minecraft:mushroom_stew":15,"minecraft:stone_pickaxe":1,"minecraft:chest":1,"minecraft:wheat":81,"minecraft:cooked_beef":39,"biomesoplenty:dead_planks":44,"minecraft:diamond_sword":1,"minecraft:cooked_porkchop":117,"minecraft:crafting_table":2,"minecraft:wooden_pickaxe":1,"minecraft:bowl":16,"minecraft:copper_ingot":16,"minecraft:birch_planks":52,"minecraft:stone_axe":1,"ribbits:maraca":1,"minecraft:bread":29,"minecraft:air":0,"minecraft:stick":20,"minecraft:iron_ingot":3,"minecraft:iron_pickaxe":1,"minecraft:wooden_axe":3,"minecraft:acacia_planks":52,"minecraft:torch":24}},"DataVersion":3465}