{"stats":{"minecraft:custom":{"minecraft:mob_kills":32,"minecraft:interact_with_crafting_table":11,"minecraft:open_barrel":43,"minecraft:bell_ring":2,"minecraft:eat_cake_slice":4,"minecraft:leave_game":2,"minecraft:time_since_death":8374,"minecraft:climb_one_cm":27417,"minecraft:sprint_one_cm":422608,"minecraft:walk_one_cm":515294,"minecraft:drop":64,"minecraft:play_time":162110,"minecraft:deaths":1,"minecraft:sneak_time":4031,"minecraft:walk_under_water_one_cm":10499,"minecraft:interact_with_brewingstand":2,"minecraft:jump":4581,"minecraft:interact_with_blast_furnace":1,"minecraft:walk_on_water_one_cm":17968,"minecraft:total_world_time":162110,"minecraft:interact_with_furnace":51,"minecraft:traded_with_villager":1,"minecraft:sleep_in_bed":9,"minecraft:time_since_rest":8162,"minecraft:damage_taken":5267,"minecraft:damage_dealt":5055,"minecraft:swim_one_cm":69741,"minecraft:fly_one_cm":741249,"minecraft:player_kills":1,"minecraft:open_chest":29,"minecraft:crouch_one_cm":12243,"minecraft:interact_with_smoker":2,"minecraft:fall_one_cm":108019,"minecraft:inspect_dispenser":1},"minecraft:crafted":{"minecraft:cooked_chicken":1,"minecraft:furnace":1,"minecraft:mushroom_stew":15,"minecraft:stone_pickaxe":1,"minecraft:chest":1,"minecraft:cooked_beef":39,"biomesoplenty:dead_planks":44,"minecraft:cooked_porkchop":9,"minecraft:crafting_table":1,"minecraft:wooden_pickaxe":1,"minecraft:bowl":16,"ribbits:maraca":1,"minecraft:bread":2,"minecraft:air":0,"minecraft:stick":8,"minecraft:wooden_axe":1,"minecraft:torch":16},"minecraft:mined":{"minecraft:brewing_stand":1,"minecraft:grass_block":11,"biomesoplenty:white_petals":1,"minecraft:spruce_leaves":12,"minecraft:hay_block":9,"botania:magenta_mystical_flower":4,"minecraft:furnace":5,"minecraft:iron_ore":6,"minecraft:azure_bluet":1,"minecraft:potatoes":7,"biomesoplenty:high_grass":1,"minecraft:light_gray_concrete":9,"minecraft:packed_ice":8,"botania:brown_mystical_flower":4,"minecraft:stone":32,"botania:light_blue_mystical_flower":1,"minecraft:gray_concrete":6,"minecraft:chiseled_quartz_block":4,"minecraft:crafting_table":6,"minecraft:torch":3,"ribbits:swamp_lantern":1,"minecraft:tall_grass":5,"minecraft:cobblestone":1,"biomesoplenty:sprout":4,"minecraft:sugar_cane":2,"botania:white_double_flower":1,"botania:blue_double_flower":1,"botania:cyan_mystical_flower":1,"minecraft:purple_bed":11,"minecraft:mud":1,"minecraft:light_gray_stained_glass":6,"minecraft:wheat":17,"minecraft:sweet_berry_bush":11,"biomesoplenty:maple_leaves":9,"minecraft:pumpkin_stem":1,"minecraft:stone_brick_stairs":1,"minecraft:smooth_stone_slab":1,"minecraft:grass":17,"biomesoplenty:dead_log":62,"botania:white_mystical_flower":4,"minecraft:coal_ore":53,"botania:gray_double_flower":1,"minecraft:sunflower":1,"minecraft:dirt":8,"minecraft:smooth_quartz":8,"botania:gray_mystical_flower":5,"biomesoplenty:dead_planks":1,"minecraft:oak_leaves":8,"minecraft:fern":3},"minecraft:picked_up":{"minecraft:crafting_table":6,"minecraft:mud":1,"minecraft:wheat":8,"minecraft:azure_bluet":1,"minecraft:chicken":3,"minecraft:brown_mushroom":13,"minecraft:wooden_pickaxe":1,"minecraft:potion":1,"minecraft:brewing_stand":1,"irons_spellbooks:nature_rune":1,"minecraft:smooth_stone_slab":1,"minecraft:pufferfish":2,"botania:magenta_mystical_flower":8,"irons_spellbooks:arcane_essence":7,"biomesoplenty:dead_sapling":4,"minecraft:beef":53,"irons_spellbooks:epic_ink":1,"minecraft:smooth_quartz":8,"minecraft:sugar_cane":5,"minecraft:furnace":4,"minecraft:egg":1,"minecraft:stick":15,"minecraft:raw_iron":6,"minecraft:torch":2,"minecraft:bowl":9,"minecraft:porkchop":19,"botania:white_mystical_flower":4,"minecraft:rotten_flesh":2,"ribbits:swamp_lantern":1,"relics:solid_snowball":1,"relics:arrow_quiver":1,"minecraft:hay_block":9,"botania:blue_double_flower":1,"alexsmobs:flying_fish":8,"minecraft:cobblestone":31,"minecraft:feather":3,"minecraft:tripwire_hook":1,"minecraft:leather":6,"minecraft:chiseled_quartz_block":2,"minecraft:red_mushroom":4,"minecraft:potato":7,"biomesoplenty:dead_log":51,"alexsmobs:bison_fur":4,"minecraft:gray_concrete":1,"minecraft:dirt":14,"botania:light_blue_mystical_flower":1,"botania:white_double_flower":1,"botania:cyan_mystical_flower":1,"minecraft:wheat_seeds":32,"minecraft:glass_bottle":4,"botania:gray_mystical_flower":5,"botania:gray_double_flower":1,"minecraft:sweet_berries":94,"biomesoplenty:dead_planks":1,"minecraft:light_gray_concrete":6,"biomesoplenty:maple_sapling":1,"minecraft:pumpkin_seeds":1,"minecraft:purple_bed":11,"minecraft:sugar":3,"knightquest:small_essence":1,"minecraft:bread":6,"botania:brown_mystical_flower":4,"minecraft:coal":53},"minecraft:dropped":{"minecraft:bread":1,"ribbits:swamp_lantern":1,"botania:blue_double_flower":1,"minecraft:brown_mushroom":6,"minecraft:wheat_seeds":7,"minecraft:cooked_beef":11,"minecraft:glass_bottle":4,"minecraft:cooked_porkchop":4,"minecraft:feather":3,"minecraft:cobblestone":1,"botania:gray_mystical_flower":5,"minecraft:apple":2,"minecraft:red_mushroom":1,"minecraft:pufferfish":1,"minecraft:stick":6,"botania:light_blue_mystical_flower":1,"minecraft:gray_concrete":1,"minecraft:smooth_quartz":8,"irons_spellbooks:epic_ink":1,"tombstone:grave_dust":1,"irons_spellbooks:arcane_essence":11,"botania:gray_double_flower":1,"botania:white_mystical_flower":4,"irons_spellbooks:nature_rune":1,"minecraft:sweet_berries":9,"minecraft:chiseled_quartz_block":2,"botania:brown_mystical_flower":4,"irons_spellbooks:uncommon_ink":1,"minecraft:raw_iron":6,"minecraft:rotten_flesh":2,"minecraft:light_gray_concrete":2,"minecraft:pumpkin_seeds":1,"patchouli:guide_book":1,"relics:arrow_quiver":1,"minecraft:wooden_pickaxe":2,"botania:magenta_mystical_flower":8,"botania:white_double_flower":1,"minecraft:egg":1},"minecraft:used":{"minecraft:iron_sword":118,"minecraft:cooked_chicken":1,"minecraft:torch":4,"minecraft:dirt":14,"minecraft:wheat":1,"minecraft:wooden_axe":61,"minecraft:iron_boots":1,"botania:cyan_mystical_flower":1,"minecraft:sweet_berries":102,"minecraft:furnace":4,"tombstone:gift":1,"minecraft:cooked_beef":26,"minecraft:wheat_seeds":24,"minecraft:stone_pickaxe":92,"minecraft:wooden_pickaxe":46,"minecraft:crafting_table":6,"minecraft:mushroom_stew":15,"biomesoplenty:dead_planks":3,"minecraft:mud":1,"minecraft:apple":4,"minecraft:light_gray_concrete":4,"minecraft:bread":8,"minecraft:pufferfish":1,"minecraft:cobblestone":18,"minecraft:purple_bed":10,"minecraft:cooked_porkchop":11,"minecraft:smooth_stone_slab":1,"alexsmobs:animal_dictionary":1},"minecraft:killed":{"alexsmobs:anaconda":1,"creeperoverhaul:snowy_creeper":1,"irons_spellbooks:apothecarist":1,"minecraft:chicken":3,"alexsmobs:bison":5,"alexsmobs:flying_fish":4,"minecraft:pig":8,"minecraft:zombie":2,"minecraft:cow":7},"minecraft:broken":{"minecraft:wooden_axe":1}},"DataVersion":3465}