{
  "minecraft:recipes/decorations/crafting_table": {
    "criteria": {
      "unlock_right_away": "2024-09-17 16:24:47 +0000"
    },
    "done": true
  },
  "irons_spellbooks:grant_patchouli": {
    "criteria": {
      "tick": "2024-09-17 16:24:47 +0000"
    },
    "done": true
  },
  "dungeons_arise:wda_root": {
    "criteria": {
      "WDA": "2024-09-17 16:24:47 +0000"
    },
    "done": true
  },
  "parcool:grant_parcool_guide": {
    "criteria": {
      "tick": "2024-09-17 16:24:47 +0000"
    },
    "done": true
  },
  "cataclysm:root": {
    "criteria": {
      "custom_test_name": "2024-09-17 16:24:47 +0000"
    },
    "done": true
  },
  "biomesoplenty:biomesoplenty/root": {
    "criteria": {
      "maple_woods": "2024-09-17 16:24:48 +0000"
    },
    "done": true
  },
  "biomesoplenty:biomesoplenty/all_biomes": {
    "criteria": {
      "muskeg": "2024-09-17 16:45:04 +0000",
      "shrubland": "2024-09-17 17:46:00 +0000",
      "snowblossom_grove": "2024-09-17 16:44:43 +0000",
      "highland": "2024-09-17 16:59:48 +0000",
      "mystic_grove": "2024-09-17 17:50:47 +0000",
      "maple_woods": "2024-09-17 16:24:48 +0000",
      "field": "2024-09-17 16:25:05 +0000",
      "coniferous_forest": "2024-09-17 16:58:26 +0000",
      "seasonal_forest": "2024-09-17 16:58:57 +0000",
      "fir_clearing": "2024-09-17 17:45:02 +0000",
      "pumpkin_patch": "2024-09-17 16:56:49 +0000",
      "snowy_coniferous_forest": "2024-09-17 17:25:27 +0000",
      "snowy_fir_clearing": "2024-09-17 16:53:34 +0000",
      "snowy_maple_woods": "2024-09-17 17:26:18 +0000"
    },
    "done": false
  },
  "minecraft:adventure/adventuring_time": {
    "criteria": {
      "minecraft:taiga": "2024-09-17 17:21:17 +0000",
      "minecraft:frozen_river": "2024-09-17 16:44:12 +0000",
      "minecraft:birch_forest": "2024-09-17 17:50:00 +0000",
      "minecraft:beach": "2024-09-17 17:31:30 +0000",
      "minecraft:river": "2024-09-17 16:25:57 +0000",
      "minecraft:stony_shore": "2024-09-17 17:22:52 +0000",
      "minecraft:grove": "2024-09-17 17:23:08 +0000",
      "minecraft:cold_ocean": "2024-09-17 17:44:09 +0000",
      "minecraft:forest": "2024-09-17 17:47:38 +0000",
      "minecraft:old_growth_spruce_taiga": "2024-09-17 17:19:06 +0000",
      "minecraft:plains": "2024-09-17 17:45:49 +0000"
    },
    "done": false
  },
  "handcrafted:recipes/misc/berry_jam_jar": {
    "criteria": {
      "has_berry_jam_jar": "2024-09-17 16:26:08 +0000"
    },
    "done": true
  },
  "minecraft:story/root": {
    "criteria": {
      "crafting_table": "2024-09-17 16:26:29 +0000"
    },
    "done": true
  },
  "biomesoplenty:recipes/transportation/willow_boat": {
    "criteria": {
      "in_water": "2024-09-17 16:26:50 +0000"
    },
    "done": true
  },
  "minecraft:recipes/transportation/cherry_boat": {
    "criteria": {
      "in_water": "2024-09-17 16:26:50 +0000"
    },
    "done": true
  },
  "biomesoplenty:recipes/transportation/umbran_boat": {
    "criteria": {
      "in_water": "2024-09-17 16:26:50 +0000"
    },
    "done": true
  },
  "minecraft:recipes/transportation/bamboo_raft": {
    "criteria": {
      "in_water": "2024-09-17 16:26:50 +0000"
    },
    "done": true
  },
  "biomesoplenty:recipes/transportation/dead_boat": {
    "criteria": {
      "in_water": "2024-09-17 16:26:50 +0000"
    },
    "done": true
  },
  "biomesoplenty:recipes/transportation/magic_boat": {
    "criteria": {
      "in_water": "2024-09-17 16:26:50 +0000"
    },
    "done": true
  },
  "minecraft:recipes/transportation/acacia_boat": {
    "criteria": {
      "in_water": "2024-09-17 16:26:50 +0000"
    },
    "done": true
  },
  "minecraft:recipes/transportation/jungle_boat": {
    "criteria": {
      "in_water": "2024-09-17 16:26:50 +0000"
    },
    "done": true
  },
  "biomesoplenty:recipes/transportation/fir_boat": {
    "criteria": {
      "in_water": "2024-09-17 16:26:50 +0000"
    },
    "done": true
  },
  "minecraft:recipes/transportation/spruce_boat": {
    "criteria": {
      "in_water": "2024-09-17 16:26:50 +0000"
    },
    "done": true
  },
  "minecraft:recipes/transportation/birch_boat": {
    "criteria": {
      "in_water": "2024-09-17 16:26:50 +0000"
    },
    "done": true
  },
  "minecraft:recipes/transportation/oak_boat": {
    "criteria": {
      "in_water": "2024-09-17 16:26:50 +0000"
    },
    "done": true
  },
  "biomesoplenty:recipes/transportation/redwood_boat": {
    "criteria": {
      "in_water": "2024-09-17 16:26:50 +0000"
    },
    "done": true
  },
  "minecraft:recipes/transportation/mangrove_boat": {
    "criteria": {
      "in_water": "2024-09-17 16:26:50 +0000"
    },
    "done": true
  },
  "biomesoplenty:recipes/transportation/hellbark_boat": {
    "criteria": {
      "in_water": "2024-09-17 16:26:50 +0000"
    },
    "done": true
  },
  "biomesoplenty:recipes/transportation/jacaranda_boat": {
    "criteria": {
      "in_water": "2024-09-17 16:26:50 +0000"
    },
    "done": true
  },
  "biomesoplenty:recipes/transportation/mahogany_boat": {
    "criteria": {
      "in_water": "2024-09-17 16:26:50 +0000"
    },
    "done": true
  },
  "biomesoplenty:recipes/transportation/palm_boat": {
    "criteria": {
      "in_water": "2024-09-17 16:26:50 +0000"
    },
    "done": true
  },
  "minecraft:recipes/transportation/dark_oak_boat": {
    "criteria": {
      "in_water": "2024-09-17 16:26:50 +0000"
    },
    "done": true
  },
  "botania:recipes/redstone/red_string_container": {
    "criteria": {
      "has_base_block": "2024-09-17 16:27:02 +0000"
    },
    "done": true
  },
  "knightquest:recipes/misc/steel_sword": {
    "criteria": {
      "has_iron_sword": "2024-09-17 16:27:48 +0000"
    },
    "done": true
  },
  "minecraft:recipes/misc/iron_nugget_from_smelting": {
    "criteria": {
      "has_iron_sword": "2024-09-17 16:27:48 +0000"
    },
    "done": true
  },
  "minecraft:recipes/misc/iron_nugget_from_blasting": {
    "criteria": {
      "has_iron_sword": "2024-09-17 16:27:48 +0000"
    },
    "done": true
  },
  "minecraft:recipes/decorations/chest": {
    "criteria": {
      "has_lots_of_items": "2024-09-17 16:28:16 +0000"
    },
    "done": true
  },
  "knightquest:recipes/misc/chainmail_helmet2": {
    "criteria": {
      "has_wheat_seeds": "2024-09-17 16:28:16 +0000"
    },
    "done": true
  },
  "biomesoplenty:recipes/misc/purple_dye_from_violet": {
    "criteria": {
      "has_flower": "2024-09-17 16:28:28 +0000"
    },
    "done": true
  },
  "botania:challenge/root": {
    "criteria": {
      "flower": "2024-09-17 16:28:33 +0000"
    },
    "done": true
  },
  "botania:recipes/decorations/lime_shiny_flower": {
    "criteria": {
      "has_item": "2024-09-17 16:28:33 +0000"
    },
    "done": true
  },
  "botania:recipes/tools/flower_bag": {
    "criteria": {
      "has_item": "2024-09-17 16:28:33 +0000"
    },
    "done": true
  },
  "botania:main/flower_pickup_lexicon": {
    "criteria": {
      "flower": "2024-09-17 16:28:33 +0000"
    },
    "done": true
  },
  "botania:main/root": {
    "criteria": {
      "flower": "2024-09-17 16:28:33 +0000"
    },
    "done": true
  },
  "botania:recipes/misc/petal_lime": {
    "criteria": {
      "has_item": "2024-09-17 16:28:33 +0000"
    },
    "done": true
  },
  "botania:main/flower_pickup": {
    "criteria": {
      "flower": "2024-09-17 16:28:33 +0000"
    },
    "done": true
  },
  "botania:recipes/decorations/gray_shiny_flower": {
    "criteria": {
      "has_item": "2024-09-17 16:28:56 +0000"
    },
    "done": true
  },
  "botania:recipes/misc/petal_gray": {
    "criteria": {
      "has_item": "2024-09-17 16:28:56 +0000"
    },
    "done": true
  },
  "botania:recipes/misc/petal_pink": {
    "criteria": {
      "has_item": "2024-09-17 16:43:31 +0000"
    },
    "done": true
  },
  "botania:recipes/decorations/pink_shiny_flower": {
    "criteria": {
      "has_item": "2024-09-17 16:43:31 +0000"
    },
    "done": true
  },
  "minecraft:husbandry/root": {
    "criteria": {
      "consumed_item": "2024-09-17 16:44:44 +0000"
    },
    "done": true
  },
  "minecraft:husbandry/balanced_diet": {
    "criteria": {
      "cooked_porkchop": "2024-09-17 17:10:28 +0000",
      "sweet_berries": "2024-09-17 16:44:44 +0000",
      "cooked_beef": "2024-09-17 17:36:57 +0000",
      "bread": "2024-09-17 16:52:11 +0000",
      "dried_kelp": "2024-09-17 17:16:24 +0000",
      "cooked_chicken": "2024-09-17 17:15:39 +0000"
    },
    "done": false
  },
  "botania:recipes/decorations/green_shiny_flower": {
    "criteria": {
      "has_item": "2024-09-17 16:45:08 +0000"
    },
    "done": true
  },
  "botania:recipes/misc/petal_green": {
    "criteria": {
      "has_item": "2024-09-17 16:45:08 +0000"
    },
    "done": true
  },
  "botania:recipes/decorations/cyan_shiny_flower": {
    "criteria": {
      "has_item": "2024-09-17 16:45:39 +0000"
    },
    "done": true
  },
  "botania:recipes/misc/petal_cyan": {
    "criteria": {
      "has_item": "2024-09-17 16:45:39 +0000"
    },
    "done": true
  },
  "botania:recipes/decorations/brown_shiny_flower": {
    "criteria": {
      "has_item": "2024-09-17 16:45:42 +0000"
    },
    "done": true
  },
  "botania:recipes/misc/petal_brown": {
    "criteria": {
      "has_item": "2024-09-17 16:45:42 +0000"
    },
    "done": true
  },
  "botania:recipes/misc/petal_red": {
    "criteria": {
      "has_item": "2024-09-17 16:46:09 +0000"
    },
    "done": true
  },
  "botania:recipes/decorations/red_shiny_flower": {
    "criteria": {
      "has_item": "2024-09-17 16:46:09 +0000"
    },
    "done": true
  },
  "minecraft:recipes/decorations/ladder": {
    "criteria": {
      "has_stick": "2024-09-17 16:46:17 +0000"
    },
    "done": true
  },
  "minecraft:recipes/tools/wooden_axe": {
    "criteria": {
      "has_stick": "2024-09-17 16:46:17 +0000"
    },
    "done": true
  },
  "minecraft:recipes/decorations/campfire": {
    "criteria": {
      "has_stick": "2024-09-17 16:46:17 +0000"
    },
    "done": true
  },
  "minecraft:recipes/tools/wooden_hoe": {
    "criteria": {
      "has_stick": "2024-09-17 16:46:17 +0000"
    },
    "done": true
  },
  "minecraft:recipes/tools/wooden_shovel": {
    "criteria": {
      "has_stick": "2024-09-17 16:46:17 +0000"
    },
    "done": true
  },
  "minecraft:recipes/combat/wooden_sword": {
    "criteria": {
      "has_stick": "2024-09-17 16:46:17 +0000"
    },
    "done": true
  },
  "botania:recipes/misc/petal_orange_double": {
    "criteria": {
      "has_item": "2024-09-17 16:46:17 +0000"
    },
    "done": true
  },
  "minecraft:recipes/tools/wooden_pickaxe": {
    "criteria": {
      "has_stick": "2024-09-17 16:46:17 +0000"
    },
    "done": true
  },
  "botania:recipes/decorations/mushroom_14": {
    "criteria": {
      "has_alt_item": "2024-09-17 16:46:18 +0000"
    },
    "done": true
  },
  "botania:recipes/decorations/mushroom_15": {
    "criteria": {
      "has_alt_item": "2024-09-17 16:46:18 +0000"
    },
    "done": true
  },
  "botania:recipes/decorations/mushroom_10": {
    "criteria": {
      "has_alt_item": "2024-09-17 16:46:18 +0000"
    },
    "done": true
  },
  "botania:recipes/decorations/mushroom_11": {
    "criteria": {
      "has_alt_item": "2024-09-17 16:46:18 +0000"
    },
    "done": true
  },
  "botania:recipes/decorations/mushroom_12": {
    "criteria": {
      "has_alt_item": "2024-09-17 16:46:18 +0000"
    },
    "done": true
  },
  "botania:recipes/decorations/mushroom_13": {
    "criteria": {
      "has_alt_item": "2024-09-17 16:46:18 +0000"
    },
    "done": true
  },
  "botania:recipes/decorations/mushroom_0": {
    "criteria": {
      "has_alt_item": "2024-09-17 16:46:18 +0000"
    },
    "done": true
  },
  "botania:recipes/decorations/mushroom_1": {
    "criteria": {
      "has_alt_item": "2024-09-17 16:46:18 +0000"
    },
    "done": true
  },
  "botania:recipes/decorations/mushroom_2": {
    "criteria": {
      "has_alt_item": "2024-09-17 16:46:18 +0000"
    },
    "done": true
  },
  "botania:recipes/decorations/mushroom_3": {
    "criteria": {
      "has_alt_item": "2024-09-17 16:46:18 +0000"
    },
    "done": true
  },
  "botania:recipes/decorations/mushroom_4": {
    "criteria": {
      "has_alt_item": "2024-09-17 16:46:18 +0000"
    },
    "done": true
  },
  "botania:recipes/decorations/mushroom_5": {
    "criteria": {
      "has_alt_item": "2024-09-17 16:46:18 +0000"
    },
    "done": true
  },
  "botania:recipes/decorations/mushroom_6": {
    "criteria": {
      "has_alt_item": "2024-09-17 16:46:18 +0000"
    },
    "done": true
  },
  "botania:recipes/decorations/mushroom_7": {
    "criteria": {
      "has_alt_item": "2024-09-17 16:46:18 +0000"
    },
    "done": true
  },
  "botania:recipes/decorations/mushroom_8": {
    "criteria": {
      "has_alt_item": "2024-09-17 16:46:18 +0000"
    },
    "done": true
  },
  "botania:recipes/decorations/mushroom_9": {
    "criteria": {
      "has_alt_item": "2024-09-17 16:46:18 +0000"
    },
    "done": true
  },
  "minecraft:recipes/misc/bowl": {
    "criteria": {
      "has_brown_mushroom": "2024-09-17 16:46:18 +0000"
    },
    "done": true
  },
  "botania:recipes/food/mushroom_stew": {
    "criteria": {
      "has_orig_recipe": "2024-09-17 16:46:18 +0000"
    },
    "done": true
  },
  "minecraft:recipes/food/mushroom_stew": {
    "criteria": {
      "has_brown_mushroom": "2024-09-17 16:46:18 +0000"
    },
    "done": true
  },
  "botania:recipes/decorations/orange_shiny_flower": {
    "criteria": {
      "has_item": "2024-09-17 16:46:19 +0000"
    },
    "done": true
  },
  "botania:recipes/misc/petal_orange": {
    "criteria": {
      "has_item": "2024-09-17 16:46:19 +0000"
    },
    "done": true
  },
  "alexsmobs:alexsmobs/crocodile": {
    "criteria": {
      "killed_by": "2024-09-17 16:46:50 +0000"
    },
    "done": true
  },
  "minecraft:adventure/root": {
    "criteria": {
      "killed_something": "2024-09-17 16:47:32 +0000"
    },
    "done": true
  },
  "botania:recipes/misc/petal_lime_double": {
    "criteria": {
      "has_item": "2024-09-17 16:50:26 +0000"
    },
    "done": true
  },
  "botania:recipes/misc/petal_cyan_double": {
    "criteria": {
      "has_item": "2024-09-17 16:53:28 +0000"
    },
    "done": true
  },
  "botania:recipes/misc/petal_red_double": {
    "criteria": {
      "has_item": "2024-09-17 16:53:39 +0000"
    },
    "done": true
  },
  "botania:recipes/decorations/purple_shiny_flower": {
    "criteria": {
      "has_item": "2024-09-17 16:54:05 +0000"
    },
    "done": true
  },
  "botania:recipes/misc/petal_purple": {
    "criteria": {
      "has_item": "2024-09-17 16:54:05 +0000"
    },
    "done": true
  },
  "botania:recipes/decorations/light_blue_shiny_flower": {
    "criteria": {
      "has_item": "2024-09-17 16:54:27 +0000"
    },
    "done": true
  },
  "botania:recipes/misc/petal_light_blue": {
    "criteria": {
      "has_item": "2024-09-17 16:54:27 +0000"
    },
    "done": true
  },
  "botania:recipes/decorations/magenta_shiny_flower": {
    "criteria": {
      "has_item": "2024-09-17 16:55:03 +0000"
    },
    "done": true
  },
  "botania:recipes/misc/petal_magenta": {
    "criteria": {
      "has_item": "2024-09-17 16:55:03 +0000"
    },
    "done": true
  },
  "botania:recipes/decorations/yellow_shiny_flower": {
    "criteria": {
      "has_item": "2024-09-17 16:55:35 +0000"
    },
    "done": true
  },
  "botania:recipes/misc/petal_yellow": {
    "criteria": {
      "has_item": "2024-09-17 16:55:35 +0000"
    },
    "done": true
  },
  "botania:recipes/misc/petal_yellow_double": {
    "criteria": {
      "has_item": "2024-09-17 16:55:40 +0000"
    },
    "done": true
  },
  "botania:recipes/tools/lexicon": {
    "criteria": {
      "has_item": "2024-09-17 16:59:46 +0000"
    },
    "done": true
  },
  "minecraft:recipes/misc/light_gray_dye_from_azure_bluet": {
    "criteria": {
      "has_azure_bluet": "2024-09-17 17:01:37 +0000"
    },
    "done": true
  },
  "minecraft:recipes/misc/pink_dye_from_pink_tulip": {
    "criteria": {
      "has_pink_tulip": "2024-09-17 17:01:47 +0000"
    },
    "done": true
  },
  "minecraft:recipes/misc/white_dye_from_lily_of_the_valley": {
    "criteria": {
      "has_lily_of_the_valley": "2024-09-17 17:01:54 +0000"
    },
    "done": true
  },
  "botania:recipes/misc/petal_white_double": {
    "criteria": {
      "has_item": "2024-09-17 17:03:17 +0000"
    },
    "done": true
  },
  "dungeons_arise:find_small_blimp": {
    "criteria": {
      "location0": "2024-09-17 17:03:45 +0000"
    },
    "done": true
  },
  "minecraft:adventure/kill_all_mobs": {
    "criteria": {
      "minecraft:skeleton": "2024-09-17 17:05:04 +0000",
      "minecraft:spider": "2024-09-17 17:36:33 +0000"
    },
    "done": false
  },
  "minecraft:adventure/kill_a_mob": {
    "criteria": {
      "minecraft:skeleton": "2024-09-17 17:05:04 +0000"
    },
    "done": true
  },
  "knightquest:recipes/misc/wither_helmet": {
    "criteria": {
      "has_bone": "2024-09-17 17:05:05 +0000"
    },
    "done": true
  },
  "knightquest:recipes/misc/skeleton_chestplate": {
    "criteria": {
      "has_bone": "2024-09-17 17:05:05 +0000"
    },
    "done": true
  },
  "knightquest:recipes/misc/wither_boots": {
    "criteria": {
      "has_bone": "2024-09-17 17:05:05 +0000"
    },
    "done": true
  },
  "knightquest:recipes/misc/bow_chestplate": {
    "criteria": {
      "has_arrow": "2024-09-17 17:05:05 +0000"
    },
    "done": true
  },
  "knightquest:recipes/misc/pirate_helmet": {
    "criteria": {
      "has_bone": "2024-09-17 17:05:05 +0000"
    },
    "done": true
  },
  "knightquest:recipes/misc/wither_leggings": {
    "criteria": {
      "has_bone": "2024-09-17 17:05:05 +0000"
    },
    "done": true
  },
  "knightquest:recipes/misc/bow_helmet": {
    "criteria": {
      "has_arrow": "2024-09-17 17:05:05 +0000"
    },
    "done": true
  },
  "knightquest:recipes/misc/wither_chestplate": {
    "criteria": {
      "has_bone": "2024-09-17 17:05:05 +0000"
    },
    "done": true
  },
  "knightquest:recipes/misc/skeleton_helmet": {
    "criteria": {
      "has_bone": "2024-09-17 17:05:05 +0000"
    },
    "done": true
  },
  "knightquest:recipes/misc/pirate_chestplate": {
    "criteria": {
      "has_bone": "2024-09-17 17:05:05 +0000"
    },
    "done": true
  },
  "knightquest:recipes/misc/bow_leggings": {
    "criteria": {
      "has_arrow": "2024-09-17 17:05:05 +0000"
    },
    "done": true
  },
  "knightquest:recipes/misc/skeleton_leggings": {
    "criteria": {
      "has_bone": "2024-09-17 17:05:05 +0000"
    },
    "done": true
  },
  "knightquest:recipes/misc/pirate_leggings": {
    "criteria": {
      "has_bone": "2024-09-17 17:05:05 +0000"
    },
    "done": true
  },
  "knightquest:recipes/misc/bow_boots": {
    "criteria": {
      "has_arrow": "2024-09-17 17:05:05 +0000"
    },
    "done": true
  },
  "knightquest:recipes/misc/pirate_boots": {
    "criteria": {
      "has_bone": "2024-09-17 17:05:05 +0000"
    },
    "done": true
  },
  "minecraft:recipes/misc/bone_meal": {
    "criteria": {
      "has_bone": "2024-09-17 17:05:05 +0000"
    },
    "done": true
  },
  "knightquest:recipes/misc/skeleton_boots": {
    "criteria": {
      "has_bone": "2024-09-17 17:05:05 +0000"
    },
    "done": true
  },
  "knightquest:knightquest": {
    "criteria": {
      "requirement": "2024-09-17 17:05:05 +0000"
    },
    "done": true
  },
  "minecraft:recipes/building_blocks/smooth_quartz_slab": {
    "criteria": {
      "has_smooth_quartz": "2024-09-17 17:06:35 +0000"
    },
    "done": true
  },
  "minecraft:recipes/building_blocks/smooth_quartz_stairs": {
    "criteria": {
      "has_smooth_quartz": "2024-09-17 17:06:35 +0000"
    },
    "done": true
  },
  "minecraft:recipes/building_blocks/smooth_quartz_slab_from_smooth_quartz_stonecutting": {
    "criteria": {
      "has_smooth_quartz": "2024-09-17 17:06:35 +0000"
    },
    "done": true
  },
  "minecraft:recipes/building_blocks/smooth_quartz_stairs_from_smooth_quartz_stonecutting": {
    "criteria": {
      "has_smooth_quartz": "2024-09-17 17:06:35 +0000"
    },
    "done": true
  },
  "minecraft:recipes/building_blocks/quartz_slab": {
    "criteria": {
      "has_chiseled_quartz_block": "2024-09-17 17:07:23 +0000"
    },
    "done": true
  },
  "minecraft:recipes/building_blocks/quartz_stairs": {
    "criteria": {
      "has_chiseled_quartz_block": "2024-09-17 17:07:23 +0000"
    },
    "done": true
  },
  "minecraft:recipes/building_blocks/quartz_pillar": {
    "criteria": {
      "has_chiseled_quartz_block": "2024-09-17 17:07:23 +0000"
    },
    "done": true
  },
  "minecraft:recipes/building_blocks/chiseled_quartz_block": {
    "criteria": {
      "has_chiseled_quartz_block": "2024-09-17 17:07:23 +0000"
    },
    "done": true
  },
  "minecraft:recipes/food/dried_kelp_from_smoking": {
    "criteria": {
      "has_kelp": "2024-09-17 17:10:31 +0000"
    },
    "done": true
  },
  "minecraft:recipes/food/dried_kelp_from_smelting": {
    "criteria": {
      "has_kelp": "2024-09-17 17:10:31 +0000"
    },
    "done": true
  },
  "minecraft:recipes/food/dried_kelp_from_campfire_cooking": {
    "criteria": {
      "has_kelp": "2024-09-17 17:10:31 +0000"
    },
    "done": true
  },
  "botania:recipes/decorations/black_shiny_flower": {
    "criteria": {
      "has_item": "2024-09-17 17:12:12 +0000"
    },
    "done": true
  },
  "botania:recipes/misc/petal_black": {
    "criteria": {
      "has_item": "2024-09-17 17:12:12 +0000"
    },
    "done": true
  },
  "minecraft:recipes/food/cooked_chicken_from_campfire_cooking": {
    "criteria": {
      "has_chicken": "2024-09-17 17:15:09 +0000"
    },
    "done": true
  },
  "minecraft:recipes/food/cooked_chicken_from_smoking": {
    "criteria": {
      "has_chicken": "2024-09-17 17:15:09 +0000"
    },
    "done": true
  },
  "minecraft:recipes/food/cooked_chicken": {
    "criteria": {
      "has_chicken": "2024-09-17 17:15:09 +0000"
    },
    "done": true
  },
  "minecraft:recipes/building_blocks/dried_kelp_block": {
    "criteria": {
      "has_dried_kelp": "2024-09-17 17:16:21 +0000"
    },
    "done": true
  },
  "botania:recipes/decorations/light_gray_shiny_flower": {
    "criteria": {
      "has_item": "2024-09-17 17:21:30 +0000"
    },
    "done": true
  },
  "botania:recipes/misc/petal_light_gray": {
    "criteria": {
      "has_item": "2024-09-17 17:21:30 +0000"
    },
    "done": true
  },
  "botania:recipes/decorations/white_shiny_flower": {
    "criteria": {
      "has_item": "2024-09-17 17:24:16 +0000"
    },
    "done": true
  },
  "botania:recipes/misc/petal_white": {
    "criteria": {
      "has_item": "2024-09-17 17:24:16 +0000"
    },
    "done": true
  },
  "botania:recipes/misc/petal_blue": {
    "criteria": {
      "has_item": "2024-09-17 17:25:22 +0000"
    },
    "done": true
  },
  "botania:recipes/decorations/blue_shiny_flower": {
    "criteria": {
      "has_item": "2024-09-17 17:25:22 +0000"
    },
    "done": true
  },
  "botania:recipes/misc/petal_magenta_double": {
    "criteria": {
      "has_item": "2024-09-17 17:26:51 +0000"
    },
    "done": true
  },
  "minecraft:recipes/redstone/tripwire_hook": {
    "criteria": {
      "has_string": "2024-09-17 17:36:35 +0000"
    },
    "done": true
  },
  "minecraft:recipes/decorations/candle": {
    "criteria": {
      "has_string": "2024-09-17 17:36:35 +0000"
    },
    "done": true
  },
  "minecraft:recipes/combat/crossbow": {
    "criteria": {
      "has_string": "2024-09-17 17:36:35 +0000"
    },
    "done": true
  },
  "minecraft:recipes/combat/bow": {
    "criteria": {
      "has_string": "2024-09-17 17:36:35 +0000"
    },
    "done": true
  },
  "minecraft:recipes/tools/fishing_rod": {
    "criteria": {
      "has_string": "2024-09-17 17:36:35 +0000"
    },
    "done": true
  },
  "minecraft:recipes/building_blocks/white_wool_from_string": {
    "criteria": {
      "has_string": "2024-09-17 17:36:35 +0000"
    },
    "done": true
  },
  "minecraft:recipes/decorations/loom": {
    "criteria": {
      "has_string": "2024-09-17 17:36:35 +0000"
    },
    "done": true
  },
  "alexsmobs:alexsmobs/orcas_might": {
    "criteria": {
      "all_effects": "2024-09-17 17:43:58 +0000"
    },
    "done": true
  },
  "botania:recipes/misc/petal_pink_double": {
    "criteria": {
      "has_item": "2024-09-17 17:47:01 +0000"
    },
    "done": true
  },
  "biomesoplenty:recipes/misc/cyan_dye_from_glowflower": {
    "criteria": {
      "has_flower": "2024-09-17 17:51:10 +0000"
    },
    "done": true
  },
  "minecraft:recipes/misc/blue_dye_from_cornflower": {
    "criteria": {
      "has_cornflower": "2024-09-17 17:43:09 +0000"
    },
    "done": true
  },
  "alexsmobs:alexsmobs/skunk": {
    "criteria": {
      "ex": "2024-09-17 17:49:30 +0000"
    },
    "done": true
  },
  "biomesoplenty:recipes/misc/pink_dye_from_pink_daffodil": {
    "criteria": {
      "has_flower": "2024-09-17 17:51:39 +0000"
    },
    "done": true
  },
  "minecraft:recipes/misc/magenta_dye_from_allium": {
    "criteria": {
      "has_allium": "2024-09-17 17:46:10 +0000"
    },
    "done": true
  },
  "biomesoplenty:recipes/misc/light_blue_dye_from_blue_hydrangea": {
    "criteria": {
      "has_flower": "2024-09-17 17:51:03 +0000"
    },
    "done": true
  },
  "DataVersion": 3465
}