{
  "minecraft:recipes/decorations/crafting_table": {
    "criteria": {
      "unlock_right_away": "2024-09-17 15:48:08 +0000"
    },
    "done": true
  },
  "irons_spellbooks:grant_patchouli": {
    "criteria": {
      "tick": "2024-09-17 15:48:08 +0000"
    },
    "done": true
  },
  "dungeons_arise:wda_root": {
    "criteria": {
      "WDA": "2024-09-17 15:48:08 +0000"
    },
    "done": true
  },
  "parcool:grant_parcool_guide": {
    "criteria": {
      "tick": "2024-09-17 15:48:08 +0000"
    },
    "done": true
  },
  "cataclysm:root": {
    "criteria": {
      "custom_test_name": "2024-09-17 15:48:08 +0000"
    },
    "done": true
  },
  "biomesoplenty:biomesoplenty/root": {
    "criteria": {
      "maple_woods": "2024-09-17 15:48:11 +0000"
    },
    "done": true
  },
  "biomesoplenty:biomesoplenty/all_biomes": {
    "criteria": {
      "muskeg": "2024-09-17 16:45:21 +0000",
      "snowblossom_grove": "2024-09-17 16:44:47 +0000",
      "cold_desert": "2024-09-17 16:56:38 +0000",
      "maple_woods": "2024-09-17 15:48:11 +0000",
      "field": "2024-09-17 15:48:18 +0000",
      "dead_forest": "2024-09-17 16:44:15 +0000",
      "snowy_fir_clearing": "2024-09-17 16:54:14 +0000",
      "snowy_maple_woods": "2024-09-17 16:12:19 +0000"
    },
    "done": false
  },
  "minecraft:adventure/adventuring_time": {
    "criteria": {
      "minecraft:frozen_river": "2024-09-17 16:44:22 +0000",
      "minecraft:beach": "2024-09-17 15:48:34 +0000",
      "minecraft:river": "2024-09-17 15:52:29 +0000",
      "minecraft:cold_ocean": "2024-09-17 16:10:52 +0000",
      "minecraft:snowy_beach": "2024-09-17 16:10:55 +0000"
    },
    "done": false
  },
  "alexsmobs:alexsmobs/root": {
    "criteria": {
      "useitem": "2024-09-17 15:54:03 +0000"
    },
    "done": true
  },
  "minecraft:husbandry/root": {
    "criteria": {
      "consumed_item": "2024-09-17 15:54:03 +0000"
    },
    "done": true
  },
  "handcrafted:recipes/misc/berry_jam_jar": {
    "criteria": {
      "has_berry_jam_jar": "2024-09-17 15:54:55 +0000"
    },
    "done": true
  },
  "minecraft:recipes/misc/yellow_dye_from_dandelion": {
    "criteria": {
      "has_dandelion": "2024-09-17 15:54:55 +0000"
    },
    "done": true
  },
  "biomesoplenty:recipes/transportation/willow_boat": {
    "criteria": {
      "in_water": "2024-09-17 15:54:59 +0000"
    },
    "done": true
  },
  "minecraft:recipes/transportation/cherry_boat": {
    "criteria": {
      "in_water": "2024-09-17 15:54:59 +0000"
    },
    "done": true
  },
  "biomesoplenty:recipes/transportation/umbran_boat": {
    "criteria": {
      "in_water": "2024-09-17 15:54:59 +0000"
    },
    "done": true
  },
  "minecraft:recipes/transportation/bamboo_raft": {
    "criteria": {
      "in_water": "2024-09-17 15:54:59 +0000"
    },
    "done": true
  },
  "biomesoplenty:recipes/transportation/dead_boat": {
    "criteria": {
      "in_water": "2024-09-17 15:54:59 +0000"
    },
    "done": true
  },
  "biomesoplenty:recipes/transportation/magic_boat": {
    "criteria": {
      "in_water": "2024-09-17 15:54:59 +0000"
    },
    "done": true
  },
  "minecraft:recipes/transportation/acacia_boat": {
    "criteria": {
      "in_water": "2024-09-17 15:54:59 +0000"
    },
    "done": true
  },
  "minecraft:recipes/transportation/jungle_boat": {
    "criteria": {
      "in_water": "2024-09-17 15:54:59 +0000"
    },
    "done": true
  },
  "biomesoplenty:recipes/transportation/fir_boat": {
    "criteria": {
      "in_water": "2024-09-17 15:54:59 +0000"
    },
    "done": true
  },
  "minecraft:recipes/transportation/spruce_boat": {
    "criteria": {
      "in_water": "2024-09-17 15:54:59 +0000"
    },
    "done": true
  },
  "minecraft:recipes/transportation/birch_boat": {
    "criteria": {
      "in_water": "2024-09-17 15:54:59 +0000"
    },
    "done": true
  },
  "minecraft:recipes/transportation/oak_boat": {
    "criteria": {
      "in_water": "2024-09-17 15:54:59 +0000"
    },
    "done": true
  },
  "biomesoplenty:recipes/transportation/redwood_boat": {
    "criteria": {
      "in_water": "2024-09-17 15:54:59 +0000"
    },
    "done": true
  },
  "minecraft:recipes/transportation/mangrove_boat": {
    "criteria": {
      "in_water": "2024-09-17 15:54:59 +0000"
    },
    "done": true
  },
  "biomesoplenty:recipes/transportation/hellbark_boat": {
    "criteria": {
      "in_water": "2024-09-17 15:54:59 +0000"
    },
    "done": true
  },
  "biomesoplenty:recipes/transportation/jacaranda_boat": {
    "criteria": {
      "in_water": "2024-09-17 15:54:59 +0000"
    },
    "done": true
  },
  "biomesoplenty:recipes/transportation/mahogany_boat": {
    "criteria": {
      "in_water": "2024-09-17 15:54:59 +0000"
    },
    "done": true
  },
  "biomesoplenty:recipes/transportation/palm_boat": {
    "criteria": {
      "in_water": "2024-09-17 15:54:59 +0000"
    },
    "done": true
  },
  "minecraft:recipes/transportation/dark_oak_boat": {
    "criteria": {
      "in_water": "2024-09-17 15:54:59 +0000"
    },
    "done": true
  },
  "minecraft:husbandry/balanced_diet": {
    "criteria": {
      "sweet_berries": "2024-09-17 15:55:03 +0000",
      "potato": "2024-09-17 16:54:35 +0000",
      "pumpkin_pie": "2024-09-17 16:55:15 +0000",
      "bread": "2024-09-17 16:09:45 +0000"
    },
    "done": false
  },
  "minecraft:adventure/sleep_in_bed": {
    "criteria": {
      "slept_in_bed": "2024-09-17 15:59:19 +0000"
    },
    "done": true
  },
  "knightquest:recipes/misc/bamboo_green_leggings": {
    "criteria": {
      "has_emerald": "2024-09-17 16:01:08 +0000"
    },
    "done": true
  },
  "knightquest:recipes/misc/husk_helmet2": {
    "criteria": {
      "has_emerald": "2024-09-17 16:01:08 +0000"
    },
    "done": true
  },
  "knightquest:recipes/misc/bamboo_green_chestplate": {
    "criteria": {
      "has_emerald": "2024-09-17 16:01:08 +0000"
    },
    "done": true
  },
  "minecraft:recipes/building_blocks/emerald_block": {
    "criteria": {
      "has_emerald": "2024-09-17 16:01:08 +0000"
    },
    "done": true
  },
  "knightquest:recipes/misc/bamboo_green_helmet": {
    "criteria": {
      "has_emerald": "2024-09-17 16:01:08 +0000"
    },
    "done": true
  },
  "knightquest:recipes/misc/bamboo_green_boots": {
    "criteria": {
      "has_emerald": "2024-09-17 16:01:08 +0000"
    },
    "done": true
  },
  "botania:recipes/tools/lexicon": {
    "criteria": {
      "has_item": "2024-09-17 16:01:11 +0000"
    },
    "done": true
  },
  "minecraft:recipes/decorations/chest": {
    "criteria": {
      "has_lots_of_items": "2024-09-17 16:01:12 +0000"
    },
    "done": true
  },
  "minecraft:recipes/misc/charcoal": {
    "criteria": {
      "has_log": "2024-09-17 16:01:12 +0000"
    },
    "done": true
  },
  "minecraft:recipes/building_blocks/spruce_wood": {
    "criteria": {
      "has_log": "2024-09-17 16:01:12 +0000"
    },
    "done": true
  },
  "minecraft:recipes/building_blocks/spruce_planks": {
    "criteria": {
      "has_logs": "2024-09-17 16:01:12 +0000"
    },
    "done": true
  },
  "minecraft:recipes/food/baked_potato_from_campfire_cooking": {
    "criteria": {
      "has_potato": "2024-09-17 16:03:29 +0000"
    },
    "done": true
  },
  "minecraft:recipes/food/baked_potato": {
    "criteria": {
      "has_potato": "2024-09-17 16:03:29 +0000"
    },
    "done": true
  },
  "minecraft:recipes/food/baked_potato_from_smoking": {
    "criteria": {
      "has_potato": "2024-09-17 16:03:29 +0000"
    },
    "done": true
  },
  "knightquest:recipes/misc/witch_helmet": {
    "criteria": {
      "has_glass_bottle": "2024-09-17 16:48:19 +0000"
    },
    "done": true
  },
  "knightquest:recipes/misc/wither_helmet": {
    "criteria": {
      "has_bone": "2024-09-17 16:51:35 +0000"
    },
    "done": true
  },
  "knightquest:recipes/misc/skeleton_chestplate": {
    "criteria": {
      "has_bone": "2024-09-17 16:51:35 +0000"
    },
    "done": true
  },
  "knightquest:recipes/misc/strawhat_boots": {
    "criteria": {
      "has_white_wool": "2024-09-17 16:51:25 +0000"
    },
    "done": true
  },
  "knightquest:recipes/misc/wither_boots": {
    "criteria": {
      "has_bone": "2024-09-17 16:51:35 +0000"
    },
    "done": true
  },
  "knightquest:recipes/misc/bow_chestplate": {
    "criteria": {
      "has_arrow": "2024-09-17 16:51:35 +0000"
    },
    "done": true
  },
  "knightquest:recipes/misc/pirate_helmet": {
    "criteria": {
      "has_bone": "2024-09-17 16:51:35 +0000"
    },
    "done": true
  },
  "knightquest:recipes/misc/witch_boots": {
    "criteria": {
      "has_glass_bottle": "2024-09-17 16:48:19 +0000"
    },
    "done": true
  },
  "knightquest:recipes/misc/wither_leggings": {
    "criteria": {
      "has_bone": "2024-09-17 16:51:35 +0000"
    },
    "done": true
  },
  "minecraft:adventure/kill_all_mobs": {
    "criteria": {
      "minecraft:skeleton": "2024-09-17 16:51:33 +0000"
    },
    "done": false
  },
  "knightquest:recipes/misc/bow_helmet": {
    "criteria": {
      "has_arrow": "2024-09-17 16:51:35 +0000"
    },
    "done": true
  },
  "handcrafted:recipes/misc/white_sheet": {
    "criteria": {
      "has_white_sheet": "2024-09-17 16:51:25 +0000"
    },
    "done": true
  },
  "knightquest:recipes/misc/wither_chestplate": {
    "criteria": {
      "has_bone": "2024-09-17 16:51:35 +0000"
    },
    "done": true
  },
  "knightquest:recipes/misc/skeleton_helmet": {
    "criteria": {
      "has_bone": "2024-09-17 16:51:35 +0000"
    },
    "done": true
  },
  "knightquest:recipes/misc/strawhat_helmet": {
    "criteria": {
      "has_white_wool": "2024-09-17 16:51:25 +0000"
    },
    "done": true
  },
  "knightquest:recipes/misc/pirate_chestplate": {
    "criteria": {
      "has_bone": "2024-09-17 16:51:35 +0000"
    },
    "done": true
  },
  "knightquest:recipes/misc/bow_leggings": {
    "criteria": {
      "has_arrow": "2024-09-17 16:51:35 +0000"
    },
    "done": true
  },
  "knightquest:recipes/misc/skeleton_leggings": {
    "criteria": {
      "has_bone": "2024-09-17 16:51:35 +0000"
    },
    "done": true
  },
  "knightquest:recipes/misc/witch_chestplate": {
    "criteria": {
      "has_glass_bottle": "2024-09-17 16:48:19 +0000"
    },
    "done": true
  },
  "alexsmobs:alexsmobs/crocodile": {
    "criteria": {
      "killed_by": "2024-09-17 16:47:25 +0000"
    },
    "done": true
  },
  "minecraft:adventure/root": {
    "criteria": {
      "killed_something": "2024-09-17 16:51:33 +0000"
    },
    "done": true
  },
  "minecraft:recipes/decorations/white_bed": {
    "criteria": {
      "has_white_wool": "2024-09-17 16:51:25 +0000"
    },
    "done": true
  },
  "knightquest:recipes/misc/witch_leggings": {
    "criteria": {
      "has_glass_bottle": "2024-09-17 16:48:19 +0000"
    },
    "done": true
  },
  "knightquest:recipes/misc/pirate_leggings": {
    "criteria": {
      "has_bone": "2024-09-17 16:51:35 +0000"
    },
    "done": true
  },
  "knightquest:recipes/misc/bow_boots": {
    "criteria": {
      "has_arrow": "2024-09-17 16:51:35 +0000"
    },
    "done": true
  },
  "minecraft:recipes/decorations/painting": {
    "criteria": {
      "has_wool": "2024-09-17 16:51:25 +0000"
    },
    "done": true
  },
  "knightquest:recipes/misc/pirate_boots": {
    "criteria": {
      "has_bone": "2024-09-17 16:51:35 +0000"
    },
    "done": true
  },
  "knightquest:recipes/misc/strawhat_leggings": {
    "criteria": {
      "has_white_wool": "2024-09-17 16:51:25 +0000"
    },
    "done": true
  },
  "minecraft:recipes/misc/bone_meal": {
    "criteria": {
      "has_bone": "2024-09-17 16:51:35 +0000"
    },
    "done": true
  },
  "handcrafted:recipes/misc/white_cushion": {
    "criteria": {
      "has_white_cushion": "2024-09-17 16:51:25 +0000"
    },
    "done": true
  },
  "knightquest:recipes/misc/strawhat_chestplate": {
    "criteria": {
      "has_white_wool": "2024-09-17 16:51:25 +0000"
    },
    "done": true
  },
  "minecraft:recipes/decorations/white_carpet": {
    "criteria": {
      "has_white_wool": "2024-09-17 16:51:25 +0000"
    },
    "done": true
  },
  "knightquest:recipes/misc/skeleton_boots": {
    "criteria": {
      "has_bone": "2024-09-17 16:51:35 +0000"
    },
    "done": true
  },
  "minecraft:recipes/decorations/white_banner": {
    "criteria": {
      "has_white_wool": "2024-09-17 16:51:25 +0000"
    },
    "done": true
  },
  "minecraft:adventure/kill_a_mob": {
    "criteria": {
      "minecraft:skeleton": "2024-09-17 16:51:33 +0000"
    },
    "done": true
  },
  "DataVersion": 3465
}